date_key,full_date,year,quarter,month,month_name,day,weekday_name,is_weekend
20260301,2026-03-01,2026,1,3,March,1,Sunday,1
20260302,2026-03-02,2026,1,3,March,2,Monday,0
20260303,2026-03-03,2026,1,3,March,3,Tuesday,0
20260304,2026-03-04,2026,1,3,March,4,Wednesday,0
20260305,2026-03-05,2026,1,3,March,5,Thursday,0
20260306,2026-03-06,2026,1,3,March,6,Friday,0
20260307,2026-03-07,2026,1,3,March,7,Saturday,1
20260308,2026-03-08,2026,1,3,March,8,Sunday,1
20260309,2026-03-09,2026,1,3,March,9,Monday,0
20260310,2026-03-10,2026,1,3,March,10,Tuesday,0
20260311,2026-03-11,2026,1,3,March,11,Wednesday,0
20260312,2026-03-12,2026,1,3,March,12,Thursday,0
20260313,2026-03-13,2026,1,3,March,13,Friday,0
20260314,2026-03-14,2026,1,3,March,14,Saturday,1
20260315,2026-03-15,2026,1,3,March,15,Sunday,1
20260316,2026-03-16,2026,1,3,March,16,Monday,0
20260317,2026-03-17,2026,1,3,March,17,Tuesday,0
20260318,2026-03-18,2026,1,3,March,18,Wednesday,0
20260319,2026-03-19,2026,1,3,March,19,Thursday,0
20260320,2026-03-20,2026,1,3,March,20,Friday,0
20260321,2026-03-21,2026,1,3,March,21,Saturday,1
20260322,2026-03-22,2026,1,3,March,22,Sunday,1
20260323,2026-03-23,2026,1,3,March,23,Monday,0
20260324,2026-03-24,2026,1,3,March,24,Tuesday,0
20260325,2026-03-25,2026,1,3,March,25,Wednesday,0
20260326,2026-03-26,2026,1,3,March,26,Thursday,0
20260327,2026-03-27,2026,1,3,March,27,Friday,0
20260328,2026-03-28,2026,1,3,March,28,Saturday,1
20260329,2026-03-29,2026,1,3,March,29,Sunday,1
20260330,2026-03-30,2026,1,3,March,30,Monday,0
20260331,2026-03-31,2026,1,3,March,31,Tuesday,0
20260401,2026-04-01,2026,2,4,April,1,Wednesday,0
20260402,2026-04-02,2026,2,4,April,2,Thursday,0
20260403,2026-04-03,2026,2,4,April,3,Friday,0
20260404,2026-04-04,2026,2,4,April,4,Saturday,1
20260405,2026-04-05,2026,2,4,April,5,Sunday,1
20260406,2026-04-06,2026,2,4,April,6,Monday,0
20260407,2026-04-07,2026,2,4,April,7,Tuesday,0
20260408,2026-04-08,2026,2,4,April,8,Wednesday,0
20260409,2026-04-09,2026,2,4,April,9,Thursday,0
20260410,2026-04-10,2026,2,4,April,10,Friday,0
20260411,2026-04-11,2026,2,4,April,11,Saturday,1
20260412,2026-04-12,2026,2,4,April,12,Sunday,1
20260413,2026-04-13,2026,2,4,April,13,Monday,0
20260414,2026-04-14,2026,2,4,April,14,Tuesday,0
20260415,2026-04-15,2026,2,4,April,15,Wednesday,0
20260416,2026-04-16,2026,2,4,April,16,Thursday,0
20260417,2026-04-17,2026,2,4,April,17,Friday,0
20260418,2026-04-18,2026,2,4,April,18,Saturday,1
20260419,2026-04-19,2026,2,4,April,19,Sunday,1
20260420,2026-04-20,2026,2,4,April,20,Monday,0
20260421,2026-04-21,2026,2,4,April,21,Tuesday,0
20260422,2026-04-22,2026,2,4,April,22,Wednesday,0
20260423,2026-04-23,2026,2,4,April,23,Thursday,0
20260424,2026-04-24,2026,2,4,April,24,Friday,0
20260425,2026-04-25,2026,2,4,April,25,Saturday,1
20260426,2026-04-26,2026,2,4,April,26,Sunday,1
20260427,2026-04-27,2026,2,4,April,27,Monday,0
20260428,2026-04-28,2026,2,4,April,28,Tuesday,0
20260429,2026-04-29,2026,2,4,April,29,Wednesday,0
20260430,2026-04-30,2026,2,4,April,30,Thursday,0
20260501,2026-05-01,2026,2,5,May,1,Friday,0
20260502,2026-05-02,2026,2,5,May,2,Saturday,1
20260503,2026-05-03,2026,2,5,May,3,Sunday,1
20260504,2026-05-04,2026,2,5,May,4,Monday,0
20260505,2026-05-05,2026,2,5,May,5,Tuesday,0
20260506,2026-05-06,2026,2,5,May,6,Wednesday,0
20260507,2026-05-07,2026,2,5,May,7,Thursday,0
20260508,2026-05-08,2026,2,5,May,8,Friday,0
20260509,2026-05-09,2026,2,5,May,9,Saturday,1
20260510,2026-05-10,2026,2,5,May,10,Sunday,1
20260511,2026-05-11,2026,2,5,May,11,Monday,0
20260512,2026-05-12,2026,2,5,May,12,Tuesday,0
20260513,2026-05-13,2026,2,5,May,13,Wednesday,0
20260514,2026-05-14,2026,2,5,May,14,Thursday,0
20260515,2026-05-15,2026,2,5,May,15,Friday,0
20260516,2026-05-16,2026,2,5,May,16,Saturday,1
20260517,2026-05-17,2026,2,5,May,17,Sunday,1
20260518,2026-05-18,2026,2,5,May,18,Monday,0
20260519,2026-05-19,2026,2,5,May,19,Tuesday,0
20260520,2026-05-20,2026,2,5,May,20,Wednesday,0
20260521,2026-05-21,2026,2,5,May,21,Thursday,0
20260522,2026-05-22,2026,2,5,May,22,Friday,0
20260523,2026-05-23,2026,2,5,May,23,Saturday,1
20260524,2026-05-24,2026,2,5,May,24,Sunday,1
20260525,2026-05-25,2026,2,5,May,25,Monday,0
20260526,2026-05-26,2026,2,5,May,26,Tuesday,0
20260527,2026-05-27,2026,2,5,May,27,Wednesday,0
20260528,2026-05-28,2026,2,5,May,28,Thursday,0
20260529,2026-05-29,2026,2,5,May,29,Friday,0
20260530,2026-05-30,2026,2,5,May,30,Saturday,1
20260531,2026-05-31,2026,2,5,May,31,Sunday,1
20260601,2026-06-01,2026,2,6,June,1,Monday,0
20260602,2026-06-02,2026,2,6,June,2,Tuesday,0
20260603,2026-06-03,2026,2,6,June,3,Wednesday,0
20260604,2026-06-04,2026,2,6,June,4,Thursday,0
20260605,2026-06-05,2026,2,6,June,5,Friday,0
20260606,2026-06-06,2026,2,6,June,6,Saturday,1
20260607,2026-06-07,2026,2,6,June,7,Sunday,1
20260608,2026-06-08,2026,2,6,June,8,Monday,0
20260609,2026-06-09,2026,2,6,June,9,Tuesday,0
20260610,2026-06-10,2026,2,6,June,10,Wednesday,0
20260611,2026-06-11,2026,2,6,June,11,Thursday,0
20260612,2026-06-12,2026,2,6,June,12,Friday,0
20260613,2026-06-13,2026,2,6,June,13,Saturday,1
20260614,2026-06-14,2026,2,6,June,14,Sunday,1
20260615,2026-06-15,2026,2,6,June,15,Monday,0
20260616,2026-06-16,2026,2,6,June,16,Tuesday,0
20260617,2026-06-17,2026,2,6,June,17,Wednesday,0
20260618,2026-06-18,2026,2,6,June,18,Thursday,0
20260619,2026-06-19,2026,2,6,June,19,Friday,0
20260620,2026-06-20,2026,2,6,June,20,Saturday,1
20260621,2026-06-21,2026,2,6,June,21,Sunday,1
20260622,2026-06-22,2026,2,6,June,22,Monday,0
20260623,2026-06-23,2026,2,6,June,23,Tuesday,0
20260624,2026-06-24,2026,2,6,June,24,Wednesday,0
20260625,2026-06-25,2026,2,6,June,25,Thursday,0
20260626,2026-06-26,2026,2,6,June,26,Friday,0
20260627,2026-06-27,2026,2,6,June,27,Saturday,1
20260628,2026-06-28,2026,2,6,June,28,Sunday,1
20260629,2026-06-29,2026,2,6,June,29,Monday,0
20260630,2026-06-30,2026,2,6,June,30,Tuesday,0
