lot_key,lot_code,customer_name,production_line,lot_size,production_date,shift_key
1,LOT-0001,ลูกค้า A,LINE-2,280,2025-01-09,1
2,LOT-0002,ลูกค้า B,LINE-3,263,2025-01-10,1
3,LOT-0003,ลูกค้า A,LINE-1,232,2025-01-09,3
4,LOT-0004,ลูกค้า B,LINE-2,283,2025-01-08,3
5,LOT-0005,ลูกค้า A,LINE-3,335,2025-01-10,3
6,LOT-0006,ลูกค้า C,LINE-1,328,2025-01-16,1
7,LOT-0007,ลูกค้า A,LINE-2,482,2025-01-13,2
8,LOT-0008,ลูกค้า A,LINE-3,255,2025-01-14,1
9,LOT-0009,ลูกค้า B,LINE-1,397,2025-01-13,1
10,LOT-0010,ลูกค้า A,LINE-2,336,2025-01-16,2
11,LOT-0011,ลูกค้า B,LINE-3,216,2025-01-22,1
12,LOT-0012,ลูกค้า B,LINE-1,537,2025-01-20,2
13,LOT-0013,ลูกค้า B,LINE-2,598,2025-01-23,1
14,LOT-0014,ลูกค้า B,LINE-3,540,2025-01-21,1
15,LOT-0015,ลูกค้า B,LINE-1,542,2025-01-31,1
16,LOT-0016,ลูกค้า C,LINE-2,265,2025-01-27,1
17,LOT-0017,ลูกค้า C,LINE-3,361,2025-01-31,3
18,LOT-0018,ลูกค้า A,LINE-1,554,2025-01-28,1
19,LOT-0019,ลูกค้า A,LINE-2,253,2025-01-30,2
20,LOT-0020,ลูกค้า B,LINE-3,283,2025-02-05,1
21,LOT-0021,ลูกค้า B,LINE-1,303,2025-02-03,2
22,LOT-0022,ลูกค้า C,LINE-2,523,2025-02-06,1
23,LOT-0023,ลูกค้า C,LINE-3,583,2025-02-04,3
24,LOT-0024,ลูกค้า B,LINE-1,386,2025-02-04,2
25,LOT-0025,ลูกค้า B,LINE-2,409,2025-02-11,2
26,LOT-0026,ลูกค้า B,LINE-3,301,2025-02-12,2
27,LOT-0027,ลูกค้า C,LINE-1,419,2025-02-10,1
28,LOT-0028,ลูกค้า B,LINE-2,426,2025-02-12,1
29,LOT-0029,ลูกค้า A,LINE-3,354,2025-02-17,1
30,LOT-0030,ลูกค้า A,LINE-1,367,2025-02-17,1
31,LOT-0031,ลูกค้า B,LINE-2,305,2025-02-17,2
32,LOT-0032,ลูกค้า B,LINE-3,287,2025-02-20,2
33,LOT-0033,ลูกค้า A,LINE-1,496,2025-02-20,1
34,LOT-0034,ลูกค้า C,LINE-2,554,2025-02-25,2
35,LOT-0035,ลูกค้า B,LINE-3,265,2025-02-25,1
36,LOT-0036,ลูกค้า B,LINE-1,271,2025-02-25,1
37,LOT-0037,ลูกค้า A,LINE-2,308,2025-02-26,2
38,LOT-0038,ลูกค้า A,LINE-3,435,2025-03-04,1
39,LOT-0039,ลูกค้า C,LINE-1,599,2025-03-04,1
40,LOT-0040,ลูกค้า C,LINE-2,427,2025-03-05,2
41,LOT-0041,ลูกค้า B,LINE-3,585,2025-03-06,2
42,LOT-0042,ลูกค้า B,LINE-1,293,2025-03-03,3
43,LOT-0043,ลูกค้า B,LINE-2,451,2025-03-10,2
44,LOT-0044,ลูกค้า C,LINE-3,408,2025-03-14,1
45,LOT-0045,ลูกค้า B,LINE-1,205,2025-03-10,1
46,LOT-0046,ลูกค้า A,LINE-2,290,2025-03-12,3
47,LOT-0047,ลูกค้า C,LINE-3,466,2025-03-13,2
48,LOT-0048,ลูกค้า A,LINE-1,268,2025-03-19,3
49,LOT-0049,ลูกค้า B,LINE-2,433,2025-03-21,1
50,LOT-0050,ลูกค้า B,LINE-3,204,2025-03-19,2
51,LOT-0051,ลูกค้า C,LINE-1,554,2025-03-18,1
52,LOT-0052,ลูกค้า C,LINE-2,399,2025-03-28,2
53,LOT-0053,ลูกค้า B,LINE-3,214,2025-03-25,1
54,LOT-0054,ลูกค้า A,LINE-1,518,2025-03-25,3
55,LOT-0055,ลูกค้า A,LINE-2,318,2025-03-26,3
56,LOT-0056,ลูกค้า C,LINE-3,569,2025-03-24,3
57,LOT-0057,ลูกค้า C,LINE-1,296,2025-04-02,3
58,LOT-0058,ลูกค้า C,LINE-2,269,2025-04-02,1
59,LOT-0059,ลูกค้า C,LINE-3,546,2025-04-03,3
60,LOT-0060,ลูกค้า C,LINE-1,592,2025-03-31,1
61,LOT-0061,ลูกค้า B,LINE-2,357,2025-04-08,2
62,LOT-0062,ลูกค้า A,LINE-3,560,2025-04-10,3
63,LOT-0063,ลูกค้า A,LINE-1,433,2025-04-10,2
64,LOT-0064,ลูกค้า C,LINE-2,494,2025-04-07,1
65,LOT-0065,ลูกค้า C,LINE-3,376,2025-04-10,3
66,LOT-0066,ลูกค้า A,LINE-1,350,2025-04-18,1
67,LOT-0067,ลูกค้า B,LINE-2,557,2025-04-15,3
68,LOT-0068,ลูกค้า C,LINE-3,325,2025-04-16,3
69,LOT-0069,ลูกค้า A,LINE-1,305,2025-04-14,2
70,LOT-0070,ลูกค้า C,LINE-2,589,2025-04-16,3
71,LOT-0071,ลูกค้า B,LINE-3,367,2025-04-23,2
72,LOT-0072,ลูกค้า C,LINE-1,546,2025-04-23,3
73,LOT-0073,ลูกค้า B,LINE-2,473,2025-04-21,1
74,LOT-0074,ลูกค้า C,LINE-3,527,2025-04-22,2
75,LOT-0075,ลูกค้า A,LINE-1,481,2025-04-28,3
76,LOT-0076,ลูกค้า A,LINE-2,380,2025-05-01,2
77,LOT-0077,ลูกค้า B,LINE-3,236,2025-04-30,3
78,LOT-0078,ลูกค้า A,LINE-1,238,2025-04-28,3
79,LOT-0079,ลูกค้า B,LINE-2,203,2025-04-28,2
80,LOT-0080,ลูกค้า A,LINE-3,416,2025-05-07,1
81,LOT-0081,ลูกค้า C,LINE-1,427,2025-05-06,2
82,LOT-0082,ลูกค้า A,LINE-2,590,2025-05-08,2
83,LOT-0083,ลูกค้า C,LINE-3,278,2025-05-08,1
84,LOT-0084,ลูกค้า C,LINE-1,498,2025-05-09,3
85,LOT-0085,ลูกค้า B,LINE-2,503,2025-05-13,3
86,LOT-0086,ลูกค้า A,LINE-3,599,2025-05-14,1
87,LOT-0087,ลูกค้า C,LINE-1,575,2025-05-14,2
88,LOT-0088,ลูกค้า C,LINE-2,213,2025-05-12,3
89,LOT-0089,ลูกค้า B,LINE-3,452,2025-05-22,2
90,LOT-0090,ลูกค้า B,LINE-1,381,2025-05-22,3
91,LOT-0091,ลูกค้า B,LINE-2,319,2025-05-23,3
92,LOT-0092,ลูกค้า A,LINE-3,476,2025-05-20,3
93,LOT-0093,ลูกค้า B,LINE-1,438,2025-05-23,2
94,LOT-0094,ลูกค้า A,LINE-2,589,2025-05-26,1
95,LOT-0095,ลูกค้า A,LINE-3,267,2025-05-28,1
96,LOT-0096,ลูกค้า B,LINE-1,539,2025-05-28,2
97,LOT-0097,ลูกค้า A,LINE-2,339,2025-05-30,1
98,LOT-0098,ลูกค้า A,LINE-3,368,2025-06-03,1
99,LOT-0099,ลูกค้า A,LINE-1,469,2025-06-03,2
100,LOT-0100,ลูกค้า B,LINE-2,496,2025-06-03,3
101,LOT-0101,ลูกค้า C,LINE-3,257,2025-06-02,1
102,LOT-0102,ลูกค้า C,LINE-1,208,2025-06-06,2
103,LOT-0103,ลูกค้า A,LINE-2,481,2025-06-12,1
104,LOT-0104,ลูกค้า B,LINE-3,228,2025-06-13,3
105,LOT-0105,ลูกค้า B,LINE-1,444,2025-06-09,2
106,LOT-0106,ลูกค้า B,LINE-2,301,2025-06-12,1
107,LOT-0107,ลูกค้า B,LINE-3,464,2025-06-09,3
108,LOT-0108,ลูกค้า C,LINE-1,471,2025-06-19,3
109,LOT-0109,ลูกค้า A,LINE-2,585,2025-06-16,2
110,LOT-0110,ลูกค้า B,LINE-3,221,2025-06-18,3
111,LOT-0111,ลูกค้า C,LINE-1,279,2025-06-19,2
112,LOT-0112,ลูกค้า A,LINE-2,515,2025-06-23,1
113,LOT-0113,ลูกค้า C,LINE-3,481,2025-06-25,1
114,LOT-0114,ลูกค้า B,LINE-1,345,2025-06-27,2
115,LOT-0115,ลูกค้า B,LINE-2,474,2025-06-23,1
116,LOT-0116,ลูกค้า A,LINE-3,514,2025-06-27,1
117,LOT-0117,ลูกค้า A,LINE-1,590,2025-07-01,1
118,LOT-0118,ลูกค้า A,LINE-2,427,2025-07-04,2
119,LOT-0119,ลูกค้า B,LINE-3,229,2025-07-02,1
120,LOT-0120,ลูกค้า B,LINE-1,284,2025-07-01,2
