claim_id,date_key,lot_key,defect_key,scenario_key,qty_returned,claim_cost,rework_cost
1,20250109,3,1,0,1,12.0,8.0
2,20250109,3,5,0,1,12.0,8.0
3,20250109,3,7,0,1,12.0,8.0
4,20250109,3,6,0,1,12.0,8.0
5,20250110,5,5,0,1,12.0,8.0
6,20250116,6,3,0,1,12.0,8.0
7,20250116,6,4,0,1,12.0,8.0
8,20250116,6,2,0,1,12.0,8.0
9,20250116,6,7,0,1,12.0,8.0
10,20250113,7,7,0,1,12.0,8.0
11,20250113,7,1,0,1,12.0,8.0
12,20250113,7,6,0,1,12.0,8.0
13,20250113,7,3,0,1,12.0,8.0
14,20250114,8,7,0,1,12.0,8.0
15,20250114,8,3,0,1,12.0,8.0
16,20250114,8,2,0,1,12.0,8.0
17,20250113,9,7,0,1,12.0,8.0
18,20250113,9,4,0,1,12.0,8.0
19,20250113,9,1,0,1,12.0,8.0
20,20250113,9,5,0,1,12.0,8.0
21,20250122,11,1,0,1,12.0,8.0
22,20250122,11,7,0,2,24.0,16.0
23,20250122,11,4,0,1,12.0,8.0
24,20250122,11,3,0,1,12.0,8.0
25,20250122,11,5,0,1,12.0,8.0
26,20250120,12,3,0,1,12.0,8.0
27,20250120,12,4,0,1,12.0,8.0
28,20250120,12,7,0,1,12.0,8.0
29,20250123,13,5,0,1,12.0,8.0
30,20250123,13,7,0,1,12.0,8.0
31,20250131,15,3,0,1,12.0,8.0
32,20250131,15,7,0,2,24.0,16.0
33,20250131,15,5,0,1,12.0,8.0
34,20250131,15,1,0,1,12.0,8.0
35,20250131,15,2,0,1,12.0,8.0
36,20250127,16,6,0,1,12.0,8.0
37,20250127,16,4,0,1,12.0,8.0
38,20250127,16,7,0,1,12.0,8.0
39,20250131,17,5,0,1,12.0,8.0
40,20250131,17,7,0,2,24.0,16.0
41,20250131,17,2,0,1,12.0,8.0
42,20250131,17,3,0,1,12.0,8.0
43,20250128,18,3,0,1,12.0,8.0
44,20250130,19,4,0,1,12.0,8.0
45,20250203,21,5,0,1,12.0,8.0
46,20250203,21,1,0,1,12.0,8.0
47,20250203,21,3,0,1,12.0,8.0
48,20250203,21,2,0,1,12.0,8.0
49,20250206,22,7,0,1,12.0,8.0
50,20250206,22,5,0,1,12.0,8.0
51,20250206,22,2,0,1,12.0,8.0
52,20250206,22,3,0,1,12.0,8.0
53,20250206,22,4,0,1,12.0,8.0
54,20250204,23,2,0,1,12.0,8.0
55,20250204,23,7,0,3,36.0,24.0
56,20250204,24,3,0,1,12.0,8.0
57,20250204,24,7,0,1,12.0,8.0
58,20250204,24,5,0,1,12.0,8.0
59,20250204,24,1,0,1,12.0,8.0
60,20250204,24,6,0,1,12.0,8.0
61,20250211,25,1,0,1,12.0,8.0
62,20250211,25,4,0,1,12.0,8.0
63,20250212,26,6,0,1,12.0,8.0
64,20250212,26,1,0,1,12.0,8.0
65,20250212,26,5,0,1,12.0,8.0
66,20250212,26,7,0,1,12.0,8.0
67,20250212,26,4,0,1,12.0,8.0
68,20250210,27,1,0,1,12.0,8.0
69,20250210,27,7,0,1,12.0,8.0
70,20250210,27,2,0,1,12.0,8.0
71,20250210,27,3,0,1,12.0,8.0
72,20250210,27,6,0,1,12.0,8.0
73,20250212,28,7,0,2,24.0,16.0
74,20250212,28,3,0,1,12.0,8.0
75,20250212,28,4,0,1,12.0,8.0
76,20250212,28,1,0,1,12.0,8.0
77,20250212,28,2,0,1,12.0,8.0
78,20250217,29,1,0,1,12.0,8.0
79,20250217,29,7,0,1,12.0,8.0
80,20250217,29,5,0,1,12.0,8.0
81,20250217,29,3,0,1,12.0,8.0
82,20250217,29,2,0,1,12.0,8.0
83,20250217,30,3,0,1,12.0,8.0
84,20250217,30,7,0,2,24.0,16.0
85,20250217,30,4,0,1,12.0,8.0
86,20250217,30,2,0,1,12.0,8.0
87,20250217,31,1,0,1,12.0,8.0
88,20250220,32,7,0,1,12.0,8.0
89,20250220,33,1,0,2,24.0,16.0
90,20250220,33,7,0,4,48.0,32.0
91,20250220,33,5,0,1,12.0,8.0
92,20250220,33,2,0,2,24.0,16.0
93,20250220,33,6,0,1,12.0,8.0
94,20250220,33,4,0,1,12.0,8.0
95,20250220,33,3,0,1,12.0,8.0
96,20250225,35,4,0,1,12.0,8.0
97,20250226,37,2,0,1,12.0,8.0
98,20250226,37,7,0,1,12.0,8.0
99,20250226,37,1,0,1,12.0,8.0
100,20250226,37,3,0,1,12.0,8.0
101,20250304,38,7,0,1,12.0,8.0
102,20250304,38,1,0,1,12.0,8.0
103,20250304,39,3,0,1,12.0,8.0
104,20250305,40,7,0,1,12.0,8.0
105,20250305,40,2,0,1,12.0,8.0
106,20250306,41,7,0,4,48.0,32.0
107,20250306,41,2,0,1,12.0,8.0
108,20250306,41,1,0,2,24.0,16.0
109,20250306,41,4,0,2,24.0,16.0
110,20250306,41,3,0,2,24.0,16.0
111,20250306,41,5,0,1,12.0,8.0
112,20250303,42,5,0,1,12.0,8.0
113,20250303,42,1,0,1,12.0,8.0
114,20250303,42,7,0,1,12.0,8.0
115,20250303,42,2,0,1,12.0,8.0
116,20250310,43,1,0,1,12.0,8.0
117,20250310,43,7,0,1,12.0,8.0
118,20250310,43,5,0,1,12.0,8.0
119,20250314,44,4,0,1,12.0,8.0
120,20250314,44,3,0,1,12.0,8.0
121,20250310,45,2,0,1,12.0,8.0
122,20250312,46,4,0,1,12.0,8.0
123,20250312,46,1,0,1,12.0,8.0
124,20250312,46,7,0,1,12.0,8.0
125,20250313,47,2,0,1,12.0,8.0
126,20250321,49,3,0,1,12.0,8.0
127,20250321,49,1,0,1,12.0,8.0
128,20250319,50,2,0,1,12.0,8.0
129,20250328,52,3,0,2,24.0,16.0
130,20250328,52,7,0,1,12.0,8.0
131,20250325,53,1,0,1,12.0,8.0
132,20250325,53,5,0,1,12.0,8.0
133,20250325,53,4,0,2,24.0,16.0
134,20250325,53,7,0,1,12.0,8.0
135,20250325,54,1,0,1,12.0,8.0
136,20250325,54,4,0,1,12.0,8.0
137,20250326,55,7,0,2,24.0,16.0
138,20250326,55,3,0,1,12.0,8.0
139,20250326,55,1,0,1,12.0,8.0
140,20250326,55,2,0,1,12.0,8.0
141,20250324,56,7,0,1,12.0,8.0
142,20250324,56,5,0,1,12.0,8.0
143,20250324,56,4,0,1,12.0,8.0
144,20250402,57,7,0,1,12.0,8.0
145,20250402,57,2,0,1,12.0,8.0
146,20250402,58,7,0,2,24.0,16.0
147,20250403,59,7,0,1,12.0,8.0
148,20250403,59,4,0,1,12.0,8.0
149,20250403,59,3,0,1,12.0,8.0
150,20250331,60,3,0,1,12.0,8.0
151,20250331,60,2,0,1,12.0,8.0
152,20250331,60,7,0,1,12.0,8.0
153,20250410,62,7,1,1,12.0,8.0
154,20250410,62,7,2,1,12.0,8.0
155,20250410,62,7,3,1,12.0,8.0
156,20250410,63,7,1,1,12.0,8.0
157,20250410,63,7,2,1,12.0,8.0
158,20250407,64,7,1,1,12.0,8.0
159,20250407,64,6,1,1,12.0,8.0
160,20250410,65,7,1,1,12.0,8.0
161,20250410,65,3,1,1,12.0,8.0
162,20250410,65,1,1,1,12.0,8.0
163,20250410,65,1,2,1,12.0,8.0
164,20250418,66,3,1,1,12.0,8.0
165,20250418,66,7,1,1,12.0,8.0
166,20250418,66,7,2,1,12.0,8.0
167,20250418,66,7,3,1,12.0,8.0
168,20250415,67,2,1,1,12.0,8.0
169,20250415,67,7,1,2,24.0,16.0
170,20250415,67,1,1,1,12.0,8.0
171,20250415,67,5,1,1,12.0,8.0
172,20250415,67,2,2,1,12.0,8.0
173,20250415,67,7,2,2,24.0,16.0
174,20250415,67,1,2,1,12.0,8.0
175,20250415,67,7,3,2,24.0,16.0
176,20250415,67,1,3,1,12.0,8.0
177,20250416,68,2,1,1,12.0,8.0
178,20250414,69,3,1,1,12.0,8.0
179,20250414,69,5,1,1,12.0,8.0
180,20250414,69,2,1,1,12.0,8.0
181,20250414,69,3,2,1,12.0,8.0
182,20250414,69,5,2,1,12.0,8.0
183,20250414,69,2,2,1,12.0,8.0
184,20250414,69,5,3,1,12.0,8.0
185,20250414,69,2,3,1,12.0,8.0
186,20250416,70,2,1,1,12.0,8.0
187,20250416,70,3,1,1,12.0,8.0
188,20250416,70,7,1,1,12.0,8.0
189,20250416,70,2,2,1,12.0,8.0
190,20250416,70,7,2,1,12.0,8.0
191,20250416,70,2,3,1,12.0,8.0
192,20250416,70,7,3,1,12.0,8.0
193,20250423,71,3,1,2,24.0,16.0
194,20250423,71,3,2,2,24.0,16.0
195,20250423,71,3,3,1,12.0,8.0
196,20250423,72,1,1,1,12.0,8.0
197,20250423,72,1,2,1,12.0,8.0
198,20250421,73,3,3,1,12.0,8.0
199,20250422,74,5,1,1,12.0,8.0
200,20250422,74,1,1,1,12.0,8.0
201,20250422,74,3,1,2,24.0,16.0
202,20250422,74,6,1,1,12.0,8.0
203,20250422,74,5,2,1,12.0,8.0
204,20250422,74,3,2,1,12.0,8.0
205,20250422,74,1,2,1,12.0,8.0
206,20250422,74,6,2,1,12.0,8.0
207,20250422,74,3,3,1,12.0,8.0
208,20250422,74,1,3,1,12.0,8.0
209,20250422,74,6,3,1,12.0,8.0
210,20250428,75,2,1,1,12.0,8.0
211,20250428,75,7,1,1,12.0,8.0
212,20250428,75,3,1,1,12.0,8.0
213,20250428,75,7,2,1,12.0,8.0
214,20250428,75,3,2,1,12.0,8.0
215,20250428,75,3,3,1,12.0,8.0
216,20250430,77,4,1,1,12.0,8.0
217,20250430,77,7,1,1,12.0,8.0
218,20250430,77,1,1,1,12.0,8.0
219,20250430,77,5,1,1,12.0,8.0
220,20250430,77,7,2,1,12.0,8.0
221,20250430,77,1,2,1,12.0,8.0
222,20250430,77,7,3,1,12.0,8.0
223,20250430,77,1,3,1,12.0,8.0
224,20250428,78,1,1,1,12.0,8.0
225,20250428,78,3,1,2,24.0,16.0
226,20250428,78,5,1,1,12.0,8.0
227,20250428,78,4,1,1,12.0,8.0
228,20250428,78,7,1,1,12.0,8.0
229,20250428,78,1,2,1,12.0,8.0
230,20250428,78,3,2,1,12.0,8.0
231,20250428,78,5,2,1,12.0,8.0
232,20250428,78,4,2,1,12.0,8.0
233,20250428,78,3,3,1,12.0,8.0
234,20250428,78,4,3,1,12.0,8.0
235,20250428,78,1,3,1,12.0,8.0
236,20250506,81,3,1,1,12.0,8.0
237,20250506,81,1,1,1,12.0,8.0
238,20250508,82,5,1,1,12.0,8.0
239,20250508,82,5,2,1,12.0,8.0
240,20250508,83,7,1,1,12.0,8.0
241,20250508,83,3,1,1,12.0,8.0
242,20250508,83,7,2,1,12.0,8.0
243,20250508,83,3,2,1,12.0,8.0
244,20250508,83,7,3,1,12.0,8.0
245,20250508,83,3,3,1,12.0,8.0
246,20250509,84,1,1,1,12.0,8.0
247,20250509,84,2,1,1,12.0,8.0
248,20250509,84,2,2,1,12.0,8.0
249,20250513,85,7,1,1,12.0,8.0
250,20250513,85,5,1,1,12.0,8.0
251,20250513,85,3,1,1,12.0,8.0
252,20250514,86,3,1,1,12.0,8.0
253,20250514,86,2,1,2,24.0,16.0
254,20250514,86,5,1,1,12.0,8.0
255,20250514,86,7,1,1,12.0,8.0
256,20250514,86,4,1,1,12.0,8.0
257,20250514,86,6,1,1,12.0,8.0
258,20250514,86,2,2,2,24.0,16.0
259,20250514,86,7,2,1,12.0,8.0
260,20250514,86,4,2,1,12.0,8.0
261,20250514,86,2,3,1,12.0,8.0
262,20250514,87,4,1,1,12.0,8.0
263,20250514,87,3,1,1,12.0,8.0
264,20250514,87,5,1,1,12.0,8.0
265,20250514,87,3,2,1,12.0,8.0
266,20250514,87,5,2,1,12.0,8.0
267,20250514,87,3,3,1,12.0,8.0
268,20250514,87,5,3,1,12.0,8.0
269,20250512,88,5,1,1,12.0,8.0
270,20250512,88,1,1,1,12.0,8.0
271,20250512,88,4,1,1,12.0,8.0
272,20250512,88,2,1,1,12.0,8.0
273,20250512,88,5,2,1,12.0,8.0
274,20250512,88,4,2,1,12.0,8.0
275,20250512,88,1,2,1,12.0,8.0
276,20250512,88,2,2,1,12.0,8.0
277,20250512,88,4,3,1,12.0,8.0
278,20250512,88,2,3,1,12.0,8.0
279,20250522,89,3,1,2,24.0,16.0
280,20250522,89,7,1,1,12.0,8.0
281,20250522,89,3,2,1,12.0,8.0
282,20250522,89,7,2,1,12.0,8.0
283,20250522,89,3,3,1,12.0,8.0
284,20250522,89,7,3,1,12.0,8.0
285,20250522,90,2,1,1,12.0,8.0
286,20250522,90,2,2,1,12.0,8.0
287,20250522,90,2,3,1,12.0,8.0
288,20250523,91,4,1,1,12.0,8.0
289,20250523,91,3,1,1,12.0,8.0
290,20250523,91,2,1,1,12.0,8.0
291,20250523,91,1,1,1,12.0,8.0
292,20250523,91,3,2,1,12.0,8.0
293,20250523,91,2,2,1,12.0,8.0
294,20250523,91,1,2,1,12.0,8.0
295,20250523,91,3,3,1,12.0,8.0
296,20250523,91,2,3,1,12.0,8.0
297,20250520,92,3,1,2,24.0,16.0
298,20250520,92,1,1,2,24.0,16.0
299,20250520,92,2,1,1,12.0,8.0
300,20250520,92,5,1,2,24.0,16.0
301,20250520,92,4,1,1,12.0,8.0
302,20250520,92,7,1,1,12.0,8.0
303,20250520,92,6,1,1,12.0,8.0
304,20250520,92,3,2,2,24.0,16.0
305,20250520,92,1,2,2,24.0,16.0
306,20250520,92,5,2,2,24.0,16.0
307,20250520,92,4,2,1,12.0,8.0
308,20250520,92,7,2,1,12.0,8.0
309,20250520,92,6,2,1,12.0,8.0
310,20250520,92,3,3,2,24.0,16.0
311,20250520,92,1,3,1,12.0,8.0
312,20250520,92,5,3,2,24.0,16.0
313,20250520,92,4,3,1,12.0,8.0
314,20250520,92,7,3,1,12.0,8.0
315,20250520,92,6,3,1,12.0,8.0
316,20250523,93,5,1,1,12.0,8.0
317,20250523,93,4,1,1,12.0,8.0
318,20250523,93,4,2,1,12.0,8.0
319,20250523,93,4,3,1,12.0,8.0
320,20250526,94,5,1,1,12.0,8.0
321,20250526,94,7,1,1,12.0,8.0
322,20250526,94,5,2,1,12.0,8.0
323,20250526,94,7,2,1,12.0,8.0
324,20250526,94,7,3,1,12.0,8.0
325,20250528,95,4,1,1,12.0,8.0
326,20250528,95,7,1,1,12.0,8.0
327,20250528,95,4,2,1,12.0,8.0
328,20250528,95,7,2,1,12.0,8.0
329,20250528,95,7,3,1,12.0,8.0
330,20250528,96,3,1,1,12.0,8.0
331,20250528,96,1,1,1,12.0,8.0
332,20250528,96,3,2,1,12.0,8.0
333,20250528,96,1,2,1,12.0,8.0
334,20250528,96,7,3,1,12.0,8.0
335,20250528,96,1,3,1,12.0,8.0
336,20250603,98,1,1,1,12.0,8.0
337,20250603,98,6,1,1,12.0,8.0
338,20250603,98,1,2,1,12.0,8.0
339,20250603,98,6,2,1,12.0,8.0
340,20250603,98,1,3,1,12.0,8.0
341,20250603,98,6,3,1,12.0,8.0
342,20250603,99,7,1,1,12.0,8.0
343,20250603,99,1,1,1,12.0,8.0
344,20250603,99,6,1,1,12.0,8.0
345,20250603,99,7,2,1,12.0,8.0
346,20250603,99,1,2,1,12.0,8.0
347,20250603,99,6,2,1,12.0,8.0
348,20250603,99,7,3,1,12.0,8.0
349,20250603,99,1,3,1,12.0,8.0
350,20250603,100,1,1,1,12.0,8.0
351,20250602,101,3,1,1,12.0,8.0
352,20250602,101,3,2,1,12.0,8.0
353,20250602,101,3,3,1,12.0,8.0
354,20250612,103,1,1,1,12.0,8.0
355,20250612,103,4,1,1,12.0,8.0
356,20250612,103,3,1,1,12.0,8.0
357,20250612,103,1,2,1,12.0,8.0
358,20250612,103,4,2,1,12.0,8.0
359,20250612,103,3,2,1,12.0,8.0
360,20250612,103,1,3,1,12.0,8.0
361,20250612,103,4,3,1,12.0,8.0
362,20250612,103,3,3,1,12.0,8.0
363,20250612,106,3,1,1,12.0,8.0
364,20250612,106,3,2,1,12.0,8.0
365,20250609,107,2,1,1,12.0,8.0
366,20250609,107,7,1,1,12.0,8.0
367,20250609,107,1,1,1,12.0,8.0
368,20250609,107,2,2,1,12.0,8.0
369,20250609,107,7,2,1,12.0,8.0
370,20250609,107,2,3,1,12.0,8.0
371,20250609,107,7,3,1,12.0,8.0
372,20250616,109,5,1,1,12.0,8.0
373,20250616,109,2,1,1,12.0,8.0
374,20250616,109,4,1,1,12.0,8.0
375,20250616,109,3,1,1,12.0,8.0
376,20250616,109,5,2,1,12.0,8.0
377,20250616,109,3,2,1,12.0,8.0
378,20250616,109,5,3,1,12.0,8.0
379,20250618,110,2,1,1,12.0,8.0
380,20250618,110,2,2,1,12.0,8.0
381,20250619,111,1,1,1,12.0,8.0
382,20250619,111,1,2,1,12.0,8.0
383,20250619,111,1,3,1,12.0,8.0
384,20250623,112,4,1,1,12.0,8.0
385,20250623,112,3,1,2,24.0,16.0
386,20250623,112,7,1,1,12.0,8.0
387,20250623,112,5,1,1,12.0,8.0
388,20250623,112,4,2,1,12.0,8.0
389,20250623,112,3,2,2,24.0,16.0
390,20250623,112,7,2,1,12.0,8.0
391,20250623,112,5,2,1,12.0,8.0
392,20250623,112,3,3,1,12.0,8.0
393,20250623,112,7,3,1,12.0,8.0
394,20250623,112,5,3,1,12.0,8.0
395,20250627,114,1,1,1,12.0,8.0
396,20250627,114,1,2,1,12.0,8.0
397,20250623,115,5,1,1,12.0,8.0
398,20250623,115,1,1,1,12.0,8.0
399,20250623,115,5,2,1,12.0,8.0
400,20250623,115,1,2,1,12.0,8.0
401,20250623,115,1,3,1,12.0,8.0
402,20250701,117,1,1,1,12.0,8.0
403,20250701,117,3,1,1,12.0,8.0
404,20250701,117,3,2,1,12.0,8.0
405,20250704,118,1,1,1,12.0,8.0
406,20250704,118,5,1,1,12.0,8.0
407,20250704,118,1,2,1,12.0,8.0
408,20250704,118,5,2,1,12.0,8.0
409,20250704,118,1,3,1,12.0,8.0
410,20250702,119,3,1,1,12.0,8.0
411,20250702,119,3,2,1,12.0,8.0
412,20250701,120,3,1,1,12.0,8.0
413,20250701,120,1,1,1,12.0,8.0
414,20250701,120,3,2,1,12.0,8.0
415,20250701,120,1,2,1,12.0,8.0
416,20250701,120,1,3,1,12.0,8.0
