row_uid,order_id,source_batch,source_row,reason_code,raw_payload,quarantined_at
8f395a2334c126397886998c3604cf34e1b8475c,O000083,orders_batch_1,84,CUSTOMER_MISSING,"{""order_id"": ""O000083"", ""order_datetime"": ""2026-02-05 11:37:00"", ""customer_id"": null, ""product_id"": ""P039"", ""quantity"": ""4.0"", ""unit_price"": ""688.83"", ""discount_pct"": ""5"", ""payment_method"": ""Cash"", ""sales_channel"": ""Online"", ""updated_at"": ""2026-02-06 23:59:00"", ""source_batch"": ""1""}",2026-08-18T21:33:35
f5fc6e5470de9770f70df1ccdbade8295c4c8b04,O000089,orders_batch_1,90,QTY_OUT_OF_RANGE,"{""order_id"": ""O000089"", ""order_datetime"": ""2026-03-04 08:25:00"", ""customer_id"": ""C0030"", ""product_id"": ""P035"", ""quantity"": ""-2.0"", ""unit_price"": ""997.99"", ""discount_pct"": ""10"", ""payment_method"": ""Credit Card"", ""sales_channel"": ""Online"", ""updated_at"": ""2026-03-05 23:59:00"", ""source_batch"": ""1""}",2026-08-18T21:33:35
bfaed8b34c151cc772ee3e1c84dcdef6ab0fa874,O000097,orders_batch_1,98,INVALID_DATE,"{""order_id"": ""O000097"", ""order_datetime"": null, ""customer_id"": ""C0110"", ""product_id"": ""P040"", ""quantity"": ""5.0"", ""unit_price"": ""1472.44"", ""discount_pct"": ""0"", ""payment_method"": ""Bank Transfer"", ""sales_channel"": ""Online"", ""updated_at"": ""2026-03-03 23:59:00"", ""source_batch"": ""1""}",2026-08-18T21:33:35
e30cf5715a245109dcab0ebc71378372d18e6acb,O000101,orders_batch_1,102,DISCOUNT_OUT_OF_RANGE,"{""order_id"": ""O000101"", ""order_datetime"": ""2026-02-28 22:40:00"", ""customer_id"": ""C0151"", ""product_id"": ""P029"", ""quantity"": ""3.0"", ""unit_price"": ""450.41"", ""discount_pct"": ""120"", ""payment_method"": ""Credit Card"", ""sales_channel"": ""Store"", ""updated_at"": ""2026-03-01 23:59:00"", ""source_batch"": ""1""}",2026-08-18T21:33:35
52140d7dd42f1b433473641d64493c313622e057,O000107,orders_batch_1,108,PRODUCT_NOT_FOUND,"{""order_id"": ""O000107"", ""order_datetime"": ""2026-03-03 15:13:00"", ""customer_id"": ""C0130"", ""product_id"": ""P999"", ""quantity"": ""1.0"", ""unit_price"": ""766.0"", ""discount_pct"": ""15"", ""payment_method"": ""PromptPay"", ""sales_channel"": ""Store"", ""updated_at"": ""2026-03-04 23:59:00"", ""source_batch"": ""1""}",2026-08-18T21:33:35
3650e07f4de9f8da0b2a2b8eb8570a499a220f59,O000113,orders_batch_1,114,QTY_NOT_NUMERIC,"{""order_id"": ""O000113"", ""order_datetime"": ""2026-01-03 03:35:00"", ""customer_id"": ""C0039"", ""product_id"": ""P011"", ""quantity"": null, ""unit_price"": ""616.6"", ""discount_pct"": ""0"", ""payment_method"": ""PromptPay"", ""sales_channel"": ""Marketplace"", ""updated_at"": ""2026-01-04 23:59:00"", ""source_batch"": ""1""}",2026-08-18T21:33:35
b37230ac00be26eadbb2b216b3fc49d31cdd30cb,O000131,orders_batch_1,132,INVALID_DATE,"{""order_id"": ""O000131"", ""order_datetime"": null, ""customer_id"": ""C0152"", ""product_id"": ""P037"", ""quantity"": ""1.0"", ""unit_price"": ""185.91"", ""discount_pct"": ""5"", ""payment_method"": ""Bank Transfer"", ""sales_channel"": ""Marketplace"", ""updated_at"": ""2026-02-17 23:59:00"", ""source_batch"": ""1""}",2026-08-18T21:33:35
0a636e0333154993ce354b04b8eb60720004465f,O000139,orders_batch_1,140,PRICE_MISSING,"{""order_id"": ""O000139"", ""order_datetime"": ""2026-02-03 21:12:00"", ""customer_id"": ""C0072"", ""product_id"": ""P039"", ""quantity"": ""4.0"", ""unit_price"": null, ""discount_pct"": ""5"", ""payment_method"": ""Cash"", ""sales_channel"": ""Online"", ""updated_at"": ""2026-02-04 23:59:00"", ""source_batch"": ""1""}",2026-08-18T21:33:35
e49f44db0f43ec16f0df0e4cbe6d0a40f942fbd7,O000149,orders_batch_1,150,CUSTOMER_NOT_FOUND,"{""order_id"": ""O000149"", ""order_datetime"": ""2026-01-08 12:33:00"", ""customer_id"": ""C9999"", ""product_id"": ""P039"", ""quantity"": ""4.0"", ""unit_price"": ""688.83"", ""discount_pct"": ""10"", ""payment_method"": ""PromptPay"", ""sales_channel"": ""Marketplace"", ""updated_at"": ""2026-01-09 23:59:00"", ""source_batch"": ""1""}",2026-08-18T21:33:35
4435cde91e27385d9c9db79f8f30bad3f7f76dea,O000166,orders_batch_1,167,CUSTOMER_MISSING,"{""order_id"": ""O000166"", ""order_datetime"": ""2026-01-18 04:01:00"", ""customer_id"": null, ""product_id"": ""P027"", ""quantity"": ""4.0"", ""unit_price"": ""817.79"", ""discount_pct"": ""10"", ""payment_method"": ""PromptPay"", ""sales_channel"": ""Online"", ""updated_at"": ""2026-01-19 23:59:00"", ""source_batch"": ""1""}",2026-08-18T21:33:35
070404d4b9c6d61b5bf195311d2316849b0f97b7,O000178,orders_batch_1,179,QTY_OUT_OF_RANGE,"{""order_id"": ""O000178"", ""order_datetime"": ""2026-02-16 01:47:00"", ""customer_id"": ""C0061"", ""product_id"": ""P026"", ""quantity"": ""-2.0"", ""unit_price"": ""1185.43"", ""discount_pct"": ""0"", ""payment_method"": ""PromptPay"", ""sales_channel"": ""Marketplace"", ""updated_at"": ""2026-02-17 23:59:00"", ""source_batch"": ""1""}",2026-08-18T21:33:35
4092832ed1d9a2bb0940c86129963b1156d951b1,O000194,orders_batch_1,195,INVALID_DATE,"{""order_id"": ""O000194"", ""order_datetime"": null, ""customer_id"": ""C0075"", ""product_id"": ""P003"", ""quantity"": ""3.0"", ""unit_price"": ""344.85"", ""discount_pct"": ""10"", ""payment_method"": ""Cash"", ""sales_channel"": ""Online"", ""updated_at"": ""2026-03-20 23:59:00"", ""source_batch"": ""1""}",2026-08-18T21:33:35
4d0555b9677c1ac8ac5a239c7aa5b76b41454775,O000202,orders_batch_1,203,DISCOUNT_OUT_OF_RANGE,"{""order_id"": ""O000202"", ""order_datetime"": ""2026-01-15 10:38:00"", ""customer_id"": ""C0161"", ""product_id"": ""P031"", ""quantity"": ""3.0"", ""unit_price"": ""599.9"", ""discount_pct"": ""120"", ""payment_method"": ""Credit Card"", ""sales_channel"": ""Online"", ""updated_at"": ""2026-01-16 23:59:00"", ""source_batch"": ""1""}",2026-08-18T21:33:35
1a63e9d9e576ec852533bd82312ee95791af1a7a,O000214,orders_batch_1,215,PRODUCT_NOT_FOUND,"{""order_id"": ""O000214"", ""order_datetime"": ""2026-01-04 07:12:00"", ""customer_id"": ""C0043"", ""product_id"": ""P999"", ""quantity"": ""6.0"", ""unit_price"": ""1451.77"", ""discount_pct"": ""0"", ""payment_method"": ""PromptPay"", ""sales_channel"": ""Store"", ""updated_at"": ""2026-01-05 23:59:00"", ""source_batch"": ""1""}",2026-08-18T21:33:35
2d9cad21937471802dae37b9ca78900040bc620e,O000226,orders_batch_1,227,QTY_NOT_NUMERIC,"{""order_id"": ""O000226"", ""order_datetime"": ""2026-03-21 10:12:00"", ""customer_id"": ""C0153"", ""product_id"": ""P017"", ""quantity"": null, ""unit_price"": ""1281.37"", ""discount_pct"": ""0"", ""payment_method"": ""Bank Transfer"", ""sales_channel"": ""Online"", ""updated_at"": ""2026-03-22 23:59:00"", ""source_batch"": ""1""}",2026-08-18T21:33:35
79b0838eedc6488d8332ace433093e695c6c73d8,O000249,orders_batch_1,250,CUSTOMER_MISSING,"{""order_id"": ""O000249"", ""order_datetime"": ""2026-02-07 21:50:00"", ""customer_id"": null, ""product_id"": ""P025"", ""quantity"": ""5.0"", ""unit_price"": ""833.67"", ""discount_pct"": ""15"", ""payment_method"": ""Credit Card"", ""sales_channel"": ""Online"", ""updated_at"": ""2026-02-08 23:59:00"", ""source_batch"": ""1""}",2026-08-18T21:33:35
7f7869b81277c9428e1786a440dd881703926c10,O000262,orders_batch_1,263,INVALID_DATE,"{""order_id"": ""O000262"", ""order_datetime"": null, ""customer_id"": ""C0097"", ""product_id"": ""P044"", ""quantity"": ""5.0"", ""unit_price"": ""766.0"", ""discount_pct"": ""0"", ""payment_method"": ""Credit Card"", ""sales_channel"": ""Store"", ""updated_at"": ""2026-02-03 23:59:00"", ""source_batch"": ""1""}",2026-08-18T21:33:35
380e640204dbb6ca2f4fb630288685f8a9fa74f3,O000267,orders_batch_1,268,QTY_OUT_OF_RANGE,"{""order_id"": ""O000267"", ""order_datetime"": ""2026-01-02 16:42:00"", ""customer_id"": ""C0095"", ""product_id"": ""P042"", ""quantity"": ""-2.0"", ""unit_price"": ""733.19"", ""discount_pct"": ""0"", ""payment_method"": ""PromptPay"", ""sales_channel"": ""Marketplace"", ""updated_at"": ""2026-01-03 23:59:00"", ""source_batch"": ""1""}",2026-08-18T21:33:35
1d1b68a0551c122c8c54e0602d20a56277839f6b,O000278,orders_batch_1,279,PRICE_MISSING,"{""order_id"": ""O000278"", ""order_datetime"": ""2026-02-01 02:14:00"", ""customer_id"": ""C0022"", ""product_id"": ""P035"", ""quantity"": ""4.0"", ""unit_price"": null, ""discount_pct"": ""0"", ""payment_method"": ""PromptPay"", ""sales_channel"": ""Marketplace"", ""updated_at"": ""2026-02-02 23:59:00"", ""source_batch"": ""1""}",2026-08-18T21:33:35
2c8d92fa3ceb10520e9dd8da9f7a9955a6a040fd,O000291,orders_batch_1,292,INVALID_DATE,"{""order_id"": ""O000291"", ""order_datetime"": null, ""customer_id"": ""C0165"", ""product_id"": ""P041"", ""quantity"": ""2.0"", ""unit_price"": ""1291.92"", ""discount_pct"": ""0"", ""payment_method"": ""Cash"", ""sales_channel"": ""Online"", ""updated_at"": ""2026-01-06 23:59:00"", ""source_batch"": ""1""}",2026-08-18T21:33:35
b351f520f6ceccc92ab012d9fb20bc04aeb25fd7,O000298,orders_batch_1,299,CUSTOMER_NOT_FOUND,"{""order_id"": ""O000298"", ""order_datetime"": ""2026-01-14 00:46:00"", ""customer_id"": ""C9999"", ""product_id"": ""P037"", ""quantity"": ""2.0"", ""unit_price"": ""185.91"", ""discount_pct"": ""10"", ""payment_method"": ""Bank Transfer"", ""sales_channel"": ""Store"", ""updated_at"": ""2026-01-15 23:59:00"", ""source_batch"": ""1""}",2026-08-18T21:33:35
04f5718e937d22dfc48f8601cc7fa107c37ebb16,O000303,orders_batch_1,304,DISCOUNT_OUT_OF_RANGE,"{""order_id"": ""O000303"", ""order_datetime"": ""2026-03-02 22:11:00"", ""customer_id"": ""C0137"", ""product_id"": ""P007"", ""quantity"": ""4.0"", ""unit_price"": ""619.54"", ""discount_pct"": ""120"", ""payment_method"": ""PromptPay"", ""sales_channel"": ""Online"", ""updated_at"": ""2026-03-03 23:59:00"", ""source_batch"": ""1""}",2026-08-18T21:33:35
36af7a13db13d678f12dac9061c0f4a57c26c503,O000321,orders_batch_1,322,PRODUCT_NOT_FOUND,"{""order_id"": ""O000321"", ""order_datetime"": ""2026-01-12 07:42:00"", ""customer_id"": ""C0073"", ""product_id"": ""P999"", ""quantity"": ""5.0"", ""unit_price"": ""624.66"", ""discount_pct"": ""10"", ""payment_method"": ""Bank Transfer"", ""sales_channel"": ""Online"", ""updated_at"": ""2026-01-13 23:59:00"", ""source_batch"": ""1""}",2026-08-18T21:33:35
56fd00f3ddcedaafdd6c8545d2be06a3e87c7d38,O000332,orders_batch_1,333,CUSTOMER_MISSING,"{""order_id"": ""O000332"", ""order_datetime"": ""2026-02-18 19:38:00"", ""customer_id"": null, ""product_id"": ""P017"", ""quantity"": ""4.0"", ""unit_price"": ""1281.37"", ""discount_pct"": ""0"", ""payment_method"": ""Bank Transfer"", ""sales_channel"": ""Marketplace"", ""updated_at"": ""2026-02-19 23:59:00"", ""source_batch"": ""1""}",2026-08-18T21:33:35
cd6d7b21d00ad7b183410199435941c4510d9966,O000339,orders_batch_1,340,QTY_NOT_NUMERIC,"{""order_id"": ""O000339"", ""order_datetime"": ""2026-03-15 12:23:00"", ""customer_id"": ""C0146"", ""product_id"": ""P014"", ""quantity"": null, ""unit_price"": ""358.74"", ""discount_pct"": ""0"", ""payment_method"": ""Credit Card"", ""sales_channel"": ""Online"", ""updated_at"": ""2026-03-16 23:59:00"", ""source_batch"": ""1""}",2026-08-18T21:33:35
71236deb880caa9d11834b10a21a3990d344d648,O000356,orders_batch_1,357,QTY_OUT_OF_RANGE,"{""order_id"": ""O000356"", ""order_datetime"": ""2026-01-19 11:29:00"", ""customer_id"": ""C0146"", ""product_id"": ""P042"", ""quantity"": ""-2.0"", ""unit_price"": ""733.19"", ""discount_pct"": ""0"", ""payment_method"": ""Bank Transfer"", ""sales_channel"": ""Store"", ""updated_at"": ""2026-01-20 23:59:00"", ""source_batch"": ""1""}",2026-08-18T21:33:35
9d1f557620941e56a49e26cdae2539e3294f6af3,O000388,orders_batch_1,389,INVALID_DATE,"{""order_id"": ""O000388"", ""order_datetime"": null, ""customer_id"": ""C0086"", ""product_id"": ""P027"", ""quantity"": ""1.0"", ""unit_price"": ""817.79"", ""discount_pct"": ""15"", ""payment_method"": ""Bank Transfer"", ""sales_channel"": ""Marketplace"", ""updated_at"": ""2026-01-25 23:59:00"", ""source_batch"": ""1""}",2026-08-18T21:33:35
f147c0e21a7968df627616c02720027e78c289a4,O000393,orders_batch_1,394,INVALID_DATE,"{""order_id"": ""O000393"", ""order_datetime"": null, ""customer_id"": ""C0148"", ""product_id"": ""P037"", ""quantity"": ""5.0"", ""unit_price"": ""185.91"", ""discount_pct"": ""10"", ""payment_method"": ""Bank Transfer"", ""sales_channel"": ""Online"", ""updated_at"": ""2026-02-25 23:59:00"", ""source_batch"": ""1""}",2026-08-18T21:33:35
2c67808cc1555adc7c22bf4cd53e8667515e4f87,O000404,orders_batch_1,405,DISCOUNT_OUT_OF_RANGE,"{""order_id"": ""O000404"", ""order_datetime"": ""2026-01-30 04:14:00"", ""customer_id"": ""C0163"", ""product_id"": ""P016"", ""quantity"": ""5.0"", ""unit_price"": ""878.59"", ""discount_pct"": ""120"", ""payment_method"": ""Credit Card"", ""sales_channel"": ""Store"", ""updated_at"": ""2026-01-31 23:59:00"", ""source_batch"": ""1""}",2026-08-18T21:33:35
44ee9bcf4c20d61dd4a290eb41c970f93fc75a5f,O000415,orders_batch_1,416,CUSTOMER_MISSING,"{""order_id"": ""O000415"", ""order_datetime"": ""2026-01-12 21:48:00"", ""customer_id"": null, ""product_id"": ""P030"", ""quantity"": ""1.0"", ""unit_price"": ""915.53"", ""discount_pct"": ""10"", ""payment_method"": ""Credit Card"", ""sales_channel"": ""Marketplace"", ""updated_at"": ""2026-01-13 23:59:00"", ""source_batch"": ""1""}",2026-08-18T21:33:35
0e4e5538ce48212684bcbc9ea1fdbe84c422dfa4,O000417,orders_batch_1,418,PRICE_MISSING,"{""order_id"": ""O000417"", ""order_datetime"": ""2026-02-09 22:58:00"", ""customer_id"": ""C0021"", ""product_id"": ""P011"", ""quantity"": ""3.0"", ""unit_price"": null, ""discount_pct"": ""0"", ""payment_method"": ""Bank Transfer"", ""sales_channel"": ""Marketplace"", ""updated_at"": ""2026-02-10 23:59:00"", ""source_batch"": ""1""}",2026-08-18T21:33:35
dcebb412b9b7ff1ad4b2b1a43f3803a1158ba75c,O000428,orders_batch_2,9,PRODUCT_NOT_FOUND,"{""order_id"": ""O000428"", ""order_datetime"": ""2026-04-04 13:52:00"", ""customer_id"": ""C0150"", ""product_id"": ""P999"", ""quantity"": ""4.0"", ""unit_price"": ""450.41"", ""discount_pct"": ""15"", ""payment_method"": ""PromptPay"", ""sales_channel"": ""Marketplace"", ""updated_at"": ""2026-04-06 23:59:00"", ""source_batch"": ""2""}",2026-08-18T21:33:38
79473639295a0d32307ab3004b193d16d9df7dd4,O000428,orders_batch_2,422,PRODUCT_NOT_FOUND,"{""order_id"": ""O000428"", ""order_datetime"": ""2026-04-04 13:52:00"", ""customer_id"": ""C0150"", ""product_id"": ""P999"", ""quantity"": ""4.0"", ""unit_price"": ""450.41"", ""discount_pct"": ""15"", ""payment_method"": ""PromptPay"", ""sales_channel"": ""Marketplace"", ""updated_at"": ""2026-04-06 23:59:00"", ""source_batch"": ""2""}",2026-08-18T21:33:38
8fd71d559997251ca4395800d0858dbaeba66b6d,O000445,orders_batch_2,26,QTY_OUT_OF_RANGE,"{""order_id"": ""O000445"", ""order_datetime"": ""2026-03-24 01:46:00"", ""customer_id"": ""C0015"", ""product_id"": ""P039"", ""quantity"": ""-2.0"", ""unit_price"": ""688.83"", ""discount_pct"": ""0"", ""payment_method"": ""PromptPay"", ""sales_channel"": ""Store"", ""updated_at"": ""2026-03-26 23:59:00"", ""source_batch"": ""2""}",2026-08-18T21:33:38
e242299ee8885c32ab8d2586952f825345418717,O000445,orders_batch_2,423,QTY_OUT_OF_RANGE,"{""order_id"": ""O000445"", ""order_datetime"": ""2026-03-24 01:46:00"", ""customer_id"": ""C0015"", ""product_id"": ""P039"", ""quantity"": ""-2.0"", ""unit_price"": ""688.83"", ""discount_pct"": ""0"", ""payment_method"": ""PromptPay"", ""sales_channel"": ""Store"", ""updated_at"": ""2026-03-26 23:59:00"", ""source_batch"": ""2""}",2026-08-18T21:33:38
84fb1dab87cd4d68afcc37c34a4e09ea3086340b,O000447,orders_batch_2,28,CUSTOMER_NOT_FOUND,"{""order_id"": ""O000447"", ""order_datetime"": ""2026-02-16 15:50:00"", ""customer_id"": ""C9999"", ""product_id"": ""P001"", ""quantity"": ""4.0"", ""unit_price"": ""29.67"", ""discount_pct"": ""5"", ""payment_method"": ""PromptPay"", ""sales_channel"": ""Online"", ""updated_at"": ""2026-02-18 23:59:00"", ""source_batch"": ""2""}",2026-08-18T21:33:38
6c42ffe3894cf26f5527e4975d8f15ab39db2955,O000452,orders_batch_2,33,QTY_NOT_NUMERIC,"{""order_id"": ""O000452"", ""order_datetime"": ""2026-04-05 15:06:00"", ""customer_id"": ""C0126"", ""product_id"": ""P036"", ""quantity"": null, ""unit_price"": ""220.86"", ""discount_pct"": ""0"", ""payment_method"": ""Credit Card"", ""sales_channel"": ""Store"", ""updated_at"": ""2026-04-07 23:59:00"", ""source_batch"": ""2""}",2026-08-18T21:33:38
f84be366128520f7cf29715371a271de3dfc6ec0,O000485,orders_batch_2,66,INVALID_DATE,"{""order_id"": ""O000485"", ""order_datetime"": null, ""customer_id"": ""C0077"", ""product_id"": ""P010"", ""quantity"": ""4.0"", ""unit_price"": ""1366.97"", ""discount_pct"": ""5"", ""payment_method"": ""Bank Transfer"", ""sales_channel"": ""Online"", ""updated_at"": ""2026-05-05 23:59:00"", ""source_batch"": ""2""}",2026-08-18T21:33:38
07ee4347be9ad604c957c64cb992bd3629f3c509,O000498,orders_batch_2,79,CUSTOMER_MISSING,"{""order_id"": ""O000498"", ""order_datetime"": ""2026-04-30 23:16:00"", ""customer_id"": null, ""product_id"": ""P035"", ""quantity"": ""3.0"", ""unit_price"": ""997.99"", ""discount_pct"": ""0"", ""payment_method"": ""Credit Card"", ""sales_channel"": ""Marketplace"", ""updated_at"": ""2026-05-02 23:59:00"", ""source_batch"": ""2""}",2026-08-18T21:33:38
c3e346d2de4b3a14349d9f3a074845bb06325eca,O000505,orders_batch_2,86,DISCOUNT_OUT_OF_RANGE,"{""order_id"": ""O000505"", ""order_datetime"": ""2026-03-25 23:29:00"", ""customer_id"": ""C0154"", ""product_id"": ""P009"", ""quantity"": ""4.0"", ""unit_price"": ""192.56"", ""discount_pct"": ""120"", ""payment_method"": ""Cash"", ""sales_channel"": ""Marketplace"", ""updated_at"": ""2026-03-27 23:59:00"", ""source_batch"": ""2""}",2026-08-18T21:33:38
48975b5702e775c7d99accd4de55d3bd5c5a57d2,O000524,orders_batch_2,105,INVALID_DATE,"{""order_id"": ""O000524"", ""order_datetime"": null, ""customer_id"": ""C0075"", ""product_id"": ""P009"", ""quantity"": ""3.0"", ""unit_price"": ""192.56"", ""discount_pct"": ""0"", ""payment_method"": ""Bank Transfer"", ""sales_channel"": ""Marketplace"", ""updated_at"": ""2026-03-08 23:59:00"", ""source_batch"": ""2""}",2026-08-18T21:33:38
eb55d4e670a39a1883d8b0b7e26da1a090244f41,O000534,orders_batch_2,115,QTY_OUT_OF_RANGE,"{""order_id"": ""O000534"", ""order_datetime"": ""2026-03-22 19:50:00"", ""customer_id"": ""C0044"", ""product_id"": ""P004"", ""quantity"": ""-2.0"", ""unit_price"": ""1451.77"", ""discount_pct"": ""0"", ""payment_method"": ""Bank Transfer"", ""sales_channel"": ""Online"", ""updated_at"": ""2026-03-24 23:59:00"", ""source_batch"": ""2""}",2026-08-18T21:33:38
03890a4b278a739af3547b56e5e81360e718c85b,O000535,orders_batch_2,116,PRODUCT_NOT_FOUND,"{""order_id"": ""O000535"", ""order_datetime"": ""2026-04-17 04:13:00"", ""customer_id"": ""C0100"", ""product_id"": ""P999"", ""quantity"": ""5.0"", ""unit_price"": ""649.9"", ""discount_pct"": ""15"", ""payment_method"": ""Bank Transfer"", ""sales_channel"": ""Store"", ""updated_at"": ""2026-04-19 23:59:00"", ""source_batch"": ""2""}",2026-08-18T21:33:38
9c688af3d6a63803a494e7db78034c1bc233d5fc,O000556,orders_batch_2,137,PRICE_MISSING,"{""order_id"": ""O000556"", ""order_datetime"": ""2026-04-21 06:20:00"", ""customer_id"": ""C0177"", ""product_id"": ""P001"", ""quantity"": ""6.0"", ""unit_price"": null, ""discount_pct"": ""0"", ""payment_method"": ""PromptPay"", ""sales_channel"": ""Store"", ""updated_at"": ""2026-04-23 23:59:00"", ""source_batch"": ""2""}",2026-08-18T21:33:38
4d49e9691178a7d2eac3aaa47f6e840f8b759a0d,O000565,orders_batch_2,146,QTY_NOT_NUMERIC,"{""order_id"": ""O000565"", ""order_datetime"": ""2026-04-14 04:24:00"", ""customer_id"": ""C0009"", ""product_id"": ""P033"", ""quantity"": null, ""unit_price"": ""654.4"", ""discount_pct"": ""5"", ""payment_method"": ""Cash"", ""sales_channel"": ""Marketplace"", ""updated_at"": ""2026-04-16 23:59:00"", ""source_batch"": ""2""}",2026-08-18T21:33:38
34929b42df5a57e7b7788bb38d516767d96012ff,O000581,orders_batch_2,162,CUSTOMER_MISSING,"{""order_id"": ""O000581"", ""order_datetime"": ""2026-04-23 12:25:00"", ""customer_id"": null, ""product_id"": ""P010"", ""quantity"": ""3.0"", ""unit_price"": ""1366.97"", ""discount_pct"": ""15"", ""payment_method"": ""Credit Card"", ""sales_channel"": ""Online"", ""updated_at"": ""2026-04-25 23:59:00"", ""source_batch"": ""2""}",2026-08-18T21:33:38
79fde26b3548ba2ebcd10bca7fd5ffe2c8d68fad,O000582,orders_batch_2,163,INVALID_DATE,"{""order_id"": ""O000582"", ""order_datetime"": null, ""customer_id"": ""C0140"", ""product_id"": ""P009"", ""quantity"": ""4.0"", ""unit_price"": ""192.56"", ""discount_pct"": ""0"", ""payment_method"": ""PromptPay"", ""sales_channel"": ""Online"", ""updated_at"": ""2026-04-22 23:59:00"", ""source_batch"": ""2""}",2026-08-18T21:33:38
8d72a30bf30bb746e006b494ef5d8d724093b085,O000596,orders_batch_2,177,CUSTOMER_NOT_FOUND,"{""order_id"": ""O000596"", ""order_datetime"": ""2026-03-31 05:33:00"", ""customer_id"": ""C9999"", ""product_id"": ""P036"", ""quantity"": ""5.0"", ""unit_price"": ""220.86"", ""discount_pct"": ""0"", ""payment_method"": ""Cash"", ""sales_channel"": ""Online"", ""updated_at"": ""2026-04-02 23:59:00"", ""source_batch"": ""2""}",2026-08-18T21:33:38
bb7f0ff4c7bf16fe8f2a6dfd388367145307c54d,O000606,orders_batch_2,187,DISCOUNT_OUT_OF_RANGE,"{""order_id"": ""O000606"", ""order_datetime"": ""2026-03-22 11:21:00"", ""customer_id"": ""C0125"", ""product_id"": ""P042"", ""quantity"": ""6.0"", ""unit_price"": ""733.19"", ""discount_pct"": ""120"", ""payment_method"": ""Credit Card"", ""sales_channel"": ""Store"", ""updated_at"": ""2026-03-24 23:59:00"", ""source_batch"": ""2""}",2026-08-18T21:33:38
2312d2ce8c09affc118f63b020a48b05b3452f22,O000623,orders_batch_2,204,QTY_OUT_OF_RANGE,"{""order_id"": ""O000623"", ""order_datetime"": ""2026-02-16 02:04:00"", ""customer_id"": ""C0086"", ""product_id"": ""P041"", ""quantity"": ""-2.0"", ""unit_price"": ""1291.92"", ""discount_pct"": ""15"", ""payment_method"": ""Credit Card"", ""sales_channel"": ""Online"", ""updated_at"": ""2026-02-18 23:59:00"", ""source_batch"": ""2""}",2026-08-18T21:33:38
d92a7f4df2acccfeb711842ca074a3da84be048f,O000642,orders_batch_2,223,PRODUCT_NOT_FOUND,"{""order_id"": ""O000642"", ""order_datetime"": ""2026-02-17 10:10:00"", ""customer_id"": ""C0018"", ""product_id"": ""P999"", ""quantity"": ""5.0"", ""unit_price"": ""979.4"", ""discount_pct"": ""5"", ""payment_method"": ""Credit Card"", ""sales_channel"": ""Online"", ""updated_at"": ""2026-02-19 23:59:00"", ""source_batch"": ""2""}",2026-08-18T21:33:38
48fe4a47a1cb2fdc1b2f27320bd53092a23ee027,O000655,orders_batch_2,236,INVALID_DATE,"{""order_id"": ""O000655"", ""order_datetime"": null, ""customer_id"": ""C0147"", ""product_id"": ""P037"", ""quantity"": ""3.0"", ""unit_price"": ""185.91"", ""discount_pct"": ""0"", ""payment_method"": ""Bank Transfer"", ""sales_channel"": ""Online"", ""updated_at"": ""2026-04-24 23:59:00"", ""source_batch"": ""2""}",2026-08-18T21:33:38
e9b86f119839428cb6d3d275e429f2008b592009,O000664,orders_batch_2,245,CUSTOMER_MISSING,"{""order_id"": ""O000664"", ""order_datetime"": ""2026-04-11 00:34:00"", ""customer_id"": null, ""product_id"": ""P004"", ""quantity"": ""3.0"", ""unit_price"": ""1451.77"", ""discount_pct"": ""15"", ""payment_method"": ""Bank Transfer"", ""sales_channel"": ""Store"", ""updated_at"": ""2026-04-13 23:59:00"", ""source_batch"": ""2""}",2026-08-18T21:33:38
fd9229013bc699af1ed30e4f6e4e5db9a381a737,O000678,orders_batch_2,259,QTY_NOT_NUMERIC,"{""order_id"": ""O000678"", ""order_datetime"": ""2026-02-16 02:58:00"", ""customer_id"": ""C0137"", ""product_id"": ""P046"", ""quantity"": null, ""unit_price"": ""187.09"", ""discount_pct"": ""0"", ""payment_method"": ""PromptPay"", ""sales_channel"": ""Store"", ""updated_at"": ""2026-02-18 23:59:00"", ""source_batch"": ""2""}",2026-08-18T21:33:38
10cd71753df1c3829318eba5e79012c5119db998,O000679,orders_batch_2,260,INVALID_DATE,"{""order_id"": ""O000679"", ""order_datetime"": null, ""customer_id"": ""C0075"", ""product_id"": ""P040"", ""quantity"": ""2.0"", ""unit_price"": ""1472.44"", ""discount_pct"": ""0"", ""payment_method"": ""PromptPay"", ""sales_channel"": ""Online"", ""updated_at"": ""2026-04-04 23:59:00"", ""source_batch"": ""2""}",2026-08-18T21:33:38
4f0b1ae56120b885ecda04ce7c5c5e0f0429deb9,O000695,orders_batch_2,276,PRICE_MISSING,"{""order_id"": ""O000695"", ""order_datetime"": ""2026-04-06 11:55:00"", ""customer_id"": ""C0119"", ""product_id"": ""P017"", ""quantity"": ""3.0"", ""unit_price"": null, ""discount_pct"": ""15"", ""payment_method"": ""Cash"", ""sales_channel"": ""Marketplace"", ""updated_at"": ""2026-04-08 23:59:00"", ""source_batch"": ""2""}",2026-08-18T21:33:38
2b4eff60d940733e8a0e071fbfaf1b31f35c24e2,O000707,orders_batch_2,288,DISCOUNT_OUT_OF_RANGE,"{""order_id"": ""O000707"", ""order_datetime"": ""2026-03-02 09:06:00"", ""customer_id"": ""C0079"", ""product_id"": ""P044"", ""quantity"": ""2.0"", ""unit_price"": ""766.0"", ""discount_pct"": ""120"", ""payment_method"": ""Bank Transfer"", ""sales_channel"": ""Store"", ""updated_at"": ""2026-03-04 23:59:00"", ""source_batch"": ""2""}",2026-08-18T21:33:38
2eec12aa7efd7c25fa9d992362b93dfd0f6fd2ea,O000712,orders_batch_2,293,QTY_OUT_OF_RANGE,"{""order_id"": ""O000712"", ""order_datetime"": ""2026-02-15 22:17:00"", ""customer_id"": ""C0026"", ""product_id"": ""P040"", ""quantity"": ""-2.0"", ""unit_price"": ""1472.44"", ""discount_pct"": ""10"", ""payment_method"": ""Bank Transfer"", ""sales_channel"": ""Store"", ""updated_at"": ""2026-02-17 23:59:00"", ""source_batch"": ""2""}",2026-08-18T21:33:38
1a066a061c070ca26415c500a0c70bfafc7fe11b,O000745,orders_batch_2,326,CUSTOMER_NOT_FOUND,"{""order_id"": ""O000745"", ""order_datetime"": ""2026-02-22 01:04:00"", ""customer_id"": ""C9999"", ""product_id"": ""P021"", ""quantity"": ""1.0"", ""unit_price"": ""1114.51"", ""discount_pct"": ""0"", ""payment_method"": ""PromptPay"", ""sales_channel"": ""Marketplace"", ""updated_at"": ""2026-02-24 23:59:00"", ""source_batch"": ""2""}",2026-08-18T21:33:38
d532c36cb89044fcbf2c36d1e9ff4fe7c5207f30,O000747,orders_batch_2,328,CUSTOMER_MISSING,"{""order_id"": ""O000747"", ""order_datetime"": ""2026-04-07 20:13:00"", ""customer_id"": null, ""product_id"": ""P014"", ""quantity"": ""1.0"", ""unit_price"": ""358.74"", ""discount_pct"": ""0"", ""payment_method"": ""Credit Card"", ""sales_channel"": ""Store"", ""updated_at"": ""2026-04-09 23:59:00"", ""source_batch"": ""2""}",2026-08-18T21:33:38
667ee5b2abd3bc0b2551f720f191cd0d96e1e481,O000749,orders_batch_2,330,PRODUCT_NOT_FOUND,"{""order_id"": ""O000749"", ""order_datetime"": ""2026-04-18 13:19:00"", ""customer_id"": ""C0180"", ""product_id"": ""P999"", ""quantity"": ""1.0"", ""unit_price"": ""204.81"", ""discount_pct"": ""0"", ""payment_method"": ""Cash"", ""sales_channel"": ""Online"", ""updated_at"": ""2026-04-20 23:59:00"", ""source_batch"": ""2""}",2026-08-18T21:33:38
b64466d26cd1c59b3ca0384b6cb78c6d0462e46d,O000776,orders_batch_2,357,INVALID_DATE,"{""order_id"": ""O000776"", ""order_datetime"": null, ""customer_id"": ""C0120"", ""product_id"": ""P047"", ""quantity"": ""2.0"", ""unit_price"": ""613.02"", ""discount_pct"": ""0"", ""payment_method"": ""Cash"", ""sales_channel"": ""Online"", ""updated_at"": ""2026-04-29 23:59:00"", ""source_batch"": ""2""}",2026-08-18T21:33:38
7571741cc66de6806c59a1f6dbc6805cd1e8586f,O000786,orders_batch_2,367,INVALID_DATE,"{""order_id"": ""O000786"", ""order_datetime"": null, ""customer_id"": ""C0044"", ""product_id"": ""P008"", ""quantity"": ""6.0"", ""unit_price"": ""292.37"", ""discount_pct"": ""5"", ""payment_method"": ""Cash"", ""sales_channel"": ""Marketplace"", ""updated_at"": ""2026-04-09 23:59:00"", ""source_batch"": ""2""}",2026-08-18T21:33:38
41d06b21fda65740ed2065587eff468af5483e60,O000791,orders_batch_2,372,QTY_NOT_NUMERIC,"{""order_id"": ""O000791"", ""order_datetime"": ""2026-04-11 13:31:00"", ""customer_id"": ""C0058"", ""product_id"": ""P040"", ""quantity"": null, ""unit_price"": ""1472.44"", ""discount_pct"": ""0"", ""payment_method"": ""Credit Card"", ""sales_channel"": ""Store"", ""updated_at"": ""2026-04-13 23:59:00"", ""source_batch"": ""2""}",2026-08-18T21:33:38
5ec62bc84504a7973e4542baebff9eaa4f4f9e6e,O000801,orders_batch_2,382,QTY_OUT_OF_RANGE,"{""order_id"": ""O000801"", ""order_datetime"": ""2026-04-05 07:59:00"", ""customer_id"": ""C0030"", ""product_id"": ""P044"", ""quantity"": ""-2.0"", ""unit_price"": ""766.0"", ""discount_pct"": ""0"", ""payment_method"": ""Credit Card"", ""sales_channel"": ""Marketplace"", ""updated_at"": ""2026-04-07 23:59:00"", ""source_batch"": ""2""}",2026-08-18T21:33:38
3c8ef70f9858db06d121eb4582d31c84722ae9c8,O000808,orders_batch_2,389,DISCOUNT_OUT_OF_RANGE,"{""order_id"": ""O000808"", ""order_datetime"": ""2026-02-20 13:39:00"", ""customer_id"": ""C0168"", ""product_id"": ""P008"", ""quantity"": ""5.0"", ""unit_price"": ""292.37"", ""discount_pct"": ""120"", ""payment_method"": ""Cash"", ""sales_channel"": ""Store"", ""updated_at"": ""2026-02-22 23:59:00"", ""source_batch"": ""2""}",2026-08-18T21:33:38
79a6ae1aa1d352f67b49a801bae616327ee3dc0c,O000830,orders_batch_2,411,CUSTOMER_MISSING,"{""order_id"": ""O000830"", ""order_datetime"": ""2026-04-08 01:48:00"", ""customer_id"": null, ""product_id"": ""P009"", ""quantity"": ""1.0"", ""unit_price"": ""192.56"", ""discount_pct"": ""0"", ""payment_method"": ""Bank Transfer"", ""sales_channel"": ""Online"", ""updated_at"": ""2026-04-10 23:59:00"", ""source_batch"": ""2""}",2026-08-18T21:33:38
290484fc07c4460bdf43fe7abefaaee0b37eae86,O000834,orders_batch_2,415,PRICE_MISSING,"{""order_id"": ""O000834"", ""order_datetime"": ""2026-04-30 17:12:00"", ""customer_id"": ""C0058"", ""product_id"": ""P032"", ""quantity"": ""3.0"", ""unit_price"": null, ""discount_pct"": ""10"", ""payment_method"": ""Cash"", ""sales_channel"": ""Online"", ""updated_at"": ""2026-05-02 23:59:00"", ""source_batch"": ""2""}",2026-08-18T21:33:38
d07ea3e23a322a49cd4ad35d36cf9c94465cb577,O000856,orders_batch_3,17,PRODUCT_NOT_FOUND,"{""order_id"": ""O000856"", ""order_datetime"": ""2026-05-15 06:36:00"", ""customer_id"": ""C0089"", ""product_id"": ""P999"", ""quantity"": ""6.0"", ""unit_price"": ""915.53"", ""discount_pct"": ""0"", ""payment_method"": ""Bank Transfer"", ""sales_channel"": ""Marketplace"", ""updated_at"": ""2026-05-18 23:59:00"", ""source_batch"": ""3""}",2026-08-18T21:33:39
f27a86a5014a678edaa27c586fc9d9e4ea88e254,O000873,orders_batch_3,34,INVALID_DATE,"{""order_id"": ""O000873"", ""order_datetime"": null, ""customer_id"": ""C0109"", ""product_id"": ""P001"", ""quantity"": ""6.0"", ""unit_price"": ""29.67"", ""discount_pct"": ""5"", ""payment_method"": ""PromptPay"", ""sales_channel"": ""Marketplace"", ""updated_at"": ""2026-06-09 23:59:00"", ""source_batch"": ""3""}",2026-08-18T21:33:39
fce558d07508aa1017b1b499a19f8556601a3f36,O000890,orders_batch_3,51,QTY_OUT_OF_RANGE,"{""order_id"": ""O000890"", ""order_datetime"": ""2026-05-28 01:59:00"", ""customer_id"": ""C0061"", ""product_id"": ""P015"", ""quantity"": ""-2.0"", ""unit_price"": ""320.33"", ""discount_pct"": ""15"", ""payment_method"": ""Bank Transfer"", ""sales_channel"": ""Store"", ""updated_at"": ""2026-05-31 23:59:00"", ""source_batch"": ""3""}",2026-08-18T21:33:39
63e00f2c185a57ac7a96ac9331b0c12d691d56d7,O000894,orders_batch_3,55,CUSTOMER_NOT_FOUND,"{""order_id"": ""O000894"", ""order_datetime"": ""2026-04-28 09:49:00"", ""customer_id"": ""C9999"", ""product_id"": ""P022"", ""quantity"": ""5.0"", ""unit_price"": ""840.27"", ""discount_pct"": ""10"", ""payment_method"": ""Bank Transfer"", ""sales_channel"": ""Online"", ""updated_at"": ""2026-05-01 23:59:00"", ""source_batch"": ""3""}",2026-08-18T21:33:39
e6702907921c7af2d4aea49885ef1c6e0b28e244,O000904,orders_batch_3,65,QTY_NOT_NUMERIC,"{""order_id"": ""O000904"", ""order_datetime"": ""2026-06-16 06:47:00"", ""customer_id"": ""C0152"", ""product_id"": ""P033"", ""quantity"": null, ""unit_price"": ""654.4"", ""discount_pct"": ""0"", ""payment_method"": ""Bank Transfer"", ""sales_channel"": ""Marketplace"", ""updated_at"": ""2026-06-19 23:59:00"", ""source_batch"": ""3""}",2026-08-18T21:33:39
e8079791d5b4c33b476eb922c7f648a272cfacc3,O000909,orders_batch_3,70,DISCOUNT_OUT_OF_RANGE,"{""order_id"": ""O000909"", ""order_datetime"": ""2026-06-10 21:37:00"", ""customer_id"": ""C0058"", ""product_id"": ""P009"", ""quantity"": ""1.0"", ""unit_price"": ""192.56"", ""discount_pct"": ""120"", ""payment_method"": ""PromptPay"", ""sales_channel"": ""Marketplace"", ""updated_at"": ""2026-06-13 23:59:00"", ""source_batch"": ""3""}",2026-08-18T21:33:39
71bd6e47be72a67ad8edf41c8a8a5d5a48f5b444,O000913,orders_batch_3,74,CUSTOMER_MISSING,"{""order_id"": ""O000913"", ""order_datetime"": ""2026-05-26 00:19:00"", ""customer_id"": null, ""product_id"": ""P023"", ""quantity"": ""5.0"", ""unit_price"": ""784.71"", ""discount_pct"": ""5"", ""payment_method"": ""Bank Transfer"", ""sales_channel"": ""Marketplace"", ""updated_at"": ""2026-05-29 23:59:00"", ""source_batch"": ""3""}",2026-08-18T21:33:39
b511693044f67d2a51b401889674b5bc27401450,O000917,orders_batch_3,78,INVALID_DATE,"{""order_id"": ""O000917"", ""order_datetime"": null, ""customer_id"": ""C0032"", ""product_id"": ""P022"", ""quantity"": ""3.0"", ""unit_price"": ""840.27"", ""discount_pct"": ""0"", ""payment_method"": ""Credit Card"", ""sales_channel"": ""Store"", ""updated_at"": ""2026-05-10 23:59:00"", ""source_batch"": ""3""}",2026-08-18T21:33:39
ca6bd3556630b0609b996a9cda3b189e285eb2c0,O000963,orders_batch_3,124,PRODUCT_NOT_FOUND,"{""order_id"": ""O000963"", ""order_datetime"": ""2026-05-20 19:21:00"", ""customer_id"": ""C0069"", ""product_id"": ""P999"", ""quantity"": ""1.0"", ""unit_price"": ""549.89"", ""discount_pct"": ""0"", ""payment_method"": ""Cash"", ""sales_channel"": ""Online"", ""updated_at"": ""2026-05-23 23:59:00"", ""source_batch"": ""3""}",2026-08-18T21:33:39
8dd0aa908a170db800bac99d5d12e35f3edd7c12,O000970,orders_batch_3,131,INVALID_DATE,"{""order_id"": ""O000970"", ""order_datetime"": null, ""customer_id"": ""C0040"", ""product_id"": ""P040"", ""quantity"": ""2.0"", ""unit_price"": ""1472.44"", ""discount_pct"": ""0"", ""payment_method"": ""Cash"", ""sales_channel"": ""Online"", ""updated_at"": ""2026-06-20 23:59:00"", ""source_batch"": ""3""}",2026-08-18T21:33:39
feeac2f972c7e302ec2cbf942e63118b564091a6,O000973,orders_batch_3,134,PRICE_MISSING,"{""order_id"": ""O000973"", ""order_datetime"": ""2026-06-16 00:22:00"", ""customer_id"": ""C0055"", ""product_id"": ""P043"", ""quantity"": ""2.0"", ""unit_price"": null, ""discount_pct"": ""10"", ""payment_method"": ""Bank Transfer"", ""sales_channel"": ""Marketplace"", ""updated_at"": ""2026-06-19 23:59:00"", ""source_batch"": ""3""}",2026-08-18T21:33:39
8c35ed6ff1e8057755a6855d3475e148df1572bd,O000979,orders_batch_3,140,QTY_OUT_OF_RANGE,"{""order_id"": ""O000979"", ""order_datetime"": ""2026-04-16 01:32:00"", ""customer_id"": ""C0049"", ""product_id"": ""P047"", ""quantity"": ""-2.0"", ""unit_price"": ""613.02"", ""discount_pct"": ""0"", ""payment_method"": ""Cash"", ""sales_channel"": ""Store"", ""updated_at"": ""2026-04-19 23:59:00"", ""source_batch"": ""3""}",2026-08-18T21:33:39
6c96c3b92ca3a65aa312174e2876eaf45cd47e92,O000996,orders_batch_3,157,CUSTOMER_MISSING,"{""order_id"": ""O000996"", ""order_datetime"": ""2026-05-04 19:07:00"", ""customer_id"": null, ""product_id"": ""P035"", ""quantity"": ""4.0"", ""unit_price"": ""997.99"", ""discount_pct"": ""0"", ""payment_method"": ""Cash"", ""sales_channel"": ""Online"", ""updated_at"": ""2026-05-07 23:59:00"", ""source_batch"": ""3""}",2026-08-18T21:33:39
62f31f6678cfbeb5cf740107c070cb50f22bc896,O001010,orders_batch_3,171,DISCOUNT_OUT_OF_RANGE,"{""order_id"": ""O001010"", ""order_datetime"": ""2026-04-17 03:46:00"", ""customer_id"": ""C0102"", ""product_id"": ""P020"", ""quantity"": ""2.0"", ""unit_price"": ""62.79"", ""discount_pct"": ""120"", ""payment_method"": ""PromptPay"", ""sales_channel"": ""Marketplace"", ""updated_at"": ""2026-04-20 23:59:00"", ""source_batch"": ""3""}",2026-08-18T21:33:39
dad10766e7e7f03241e1367f27e8036cc153a052,O001017,orders_batch_3,178,QTY_NOT_NUMERIC,"{""order_id"": ""O001017"", ""order_datetime"": ""2026-05-31 23:42:00"", ""customer_id"": ""C0010"", ""product_id"": ""P009"", ""quantity"": null, ""unit_price"": ""192.56"", ""discount_pct"": ""0"", ""payment_method"": ""Bank Transfer"", ""sales_channel"": ""Marketplace"", ""updated_at"": ""2026-06-03 23:59:00"", ""source_batch"": ""3""}",2026-08-18T21:33:39
f406ae0eb73aa8763fa110f75763beb5f2d837a8,O001043,orders_batch_3,204,CUSTOMER_NOT_FOUND,"{""order_id"": ""O001043"", ""order_datetime"": ""2026-04-07 15:03:00"", ""customer_id"": ""C9999"", ""product_id"": ""P029"", ""quantity"": ""5.0"", ""unit_price"": ""450.41"", ""discount_pct"": ""0"", ""payment_method"": ""Bank Transfer"", ""sales_channel"": ""Store"", ""updated_at"": ""2026-04-10 23:59:00"", ""source_batch"": ""3""}",2026-08-18T21:33:39
7fa4fd5f77c41c81f7f04d69c60271fcee027dbc,O001048,orders_batch_3,209,INVALID_DATE,"{""order_id"": ""O001048"", ""order_datetime"": null, ""customer_id"": ""C0023"", ""product_id"": ""P037"", ""quantity"": ""2.0"", ""unit_price"": ""185.91"", ""discount_pct"": ""0"", ""payment_method"": ""Cash"", ""sales_channel"": ""Store"", ""updated_at"": ""2026-06-18 23:59:00"", ""source_batch"": ""3""}",2026-08-18T21:33:39
3aa5191c990e510ddc9fbd2bc3cd673e0410d39c,O001067,orders_batch_3,228,INVALID_DATE,"{""order_id"": ""O001067"", ""order_datetime"": null, ""customer_id"": ""C0080"", ""product_id"": ""P042"", ""quantity"": ""6.0"", ""unit_price"": ""733.19"", ""discount_pct"": ""15"", ""payment_method"": ""Credit Card"", ""sales_channel"": ""Marketplace"", ""updated_at"": ""2026-04-28 23:59:00"", ""source_batch"": ""3""}",2026-08-18T21:33:39
0d269bb7511ea16fe6d9fa7fd2572d56f13c16ed,O001068,orders_batch_3,229,QTY_OUT_OF_RANGE,"{""order_id"": ""O001068"", ""order_datetime"": ""2026-04-20 01:42:00"", ""customer_id"": ""C0145"", ""product_id"": ""P042"", ""quantity"": ""-2.0"", ""unit_price"": ""733.19"", ""discount_pct"": ""15"", ""payment_method"": ""Bank Transfer"", ""sales_channel"": ""Online"", ""updated_at"": ""2026-04-23 23:59:00"", ""source_batch"": ""3""}",2026-08-18T21:33:39
fc997bb4f4de90e0c1b9371a6a60d757321a6567,O001070,orders_batch_3,231,PRODUCT_NOT_FOUND,"{""order_id"": ""O001070"", ""order_datetime"": ""2026-05-13 06:50:00"", ""customer_id"": ""C0023"", ""product_id"": ""P999"", ""quantity"": ""2.0"", ""unit_price"": ""840.27"", ""discount_pct"": ""15"", ""payment_method"": ""Cash"", ""sales_channel"": ""Store"", ""updated_at"": ""2026-05-16 23:59:00"", ""source_batch"": ""3""}",2026-08-18T21:33:39
9b928926c3d8ec5ed44ec673bdfd7f455e7f284b,O001079,orders_batch_3,240,CUSTOMER_MISSING,"{""order_id"": ""O001079"", ""order_datetime"": ""2026-06-12 04:11:00"", ""customer_id"": null, ""product_id"": ""P044"", ""quantity"": ""2.0"", ""unit_price"": ""766.0"", ""discount_pct"": ""0"", ""payment_method"": ""Bank Transfer"", ""sales_channel"": ""Marketplace"", ""updated_at"": ""2026-06-15 23:59:00"", ""source_batch"": ""3""}",2026-08-18T21:33:39
dd892edd9c77399ae0e5ffdde50ced97a6590d22,O001111,orders_batch_3,272,DISCOUNT_OUT_OF_RANGE,"{""order_id"": ""O001111"", ""order_datetime"": ""2026-04-08 03:19:00"", ""customer_id"": ""C0137"", ""product_id"": ""P040"", ""quantity"": ""3.0"", ""unit_price"": ""1472.44"", ""discount_pct"": ""120"", ""payment_method"": ""PromptPay"", ""sales_channel"": ""Online"", ""updated_at"": ""2026-04-11 23:59:00"", ""source_batch"": ""3""}",2026-08-18T21:33:39
4018fcf1ff659f1d9fd19ed6415a8173e03fcb8b,O001112,orders_batch_3,273,PRICE_MISSING,"{""order_id"": ""O001112"", ""order_datetime"": ""2026-06-10 12:16:00"", ""customer_id"": ""C0096"", ""product_id"": ""P030"", ""quantity"": ""3.0"", ""unit_price"": null, ""discount_pct"": ""0"", ""payment_method"": ""Bank Transfer"", ""sales_channel"": ""Marketplace"", ""updated_at"": ""2026-06-13 23:59:00"", ""source_batch"": ""3""}",2026-08-18T21:33:39
961feb2cef06a5441b453d29b0c74f7517e29967,O001130,orders_batch_3,291,QTY_NOT_NUMERIC,"{""order_id"": ""O001130"", ""order_datetime"": ""2026-05-02 06:41:00"", ""customer_id"": ""C0089"", ""product_id"": ""P001"", ""quantity"": null, ""unit_price"": ""29.67"", ""discount_pct"": ""0"", ""payment_method"": ""Credit Card"", ""sales_channel"": ""Store"", ""updated_at"": ""2026-05-05 23:59:00"", ""source_batch"": ""3""}",2026-08-18T21:33:39
50c3c7c70a19e7d7406e41afa71649325283a4bf,O001157,orders_batch_3,318,QTY_OUT_OF_RANGE,"{""order_id"": ""O001157"", ""order_datetime"": ""2026-06-17 10:55:00"", ""customer_id"": ""C0133"", ""product_id"": ""P041"", ""quantity"": ""-2.0"", ""unit_price"": ""1291.92"", ""discount_pct"": ""5"", ""payment_method"": ""Credit Card"", ""sales_channel"": ""Store"", ""updated_at"": ""2026-06-20 23:59:00"", ""source_batch"": ""3""}",2026-08-18T21:33:39
6e25f7c2853b739d22243e544d85d734166625f9,O001162,orders_batch_3,323,CUSTOMER_MISSING,"{""order_id"": ""O001162"", ""order_datetime"": ""2026-06-07 09:16:00"", ""customer_id"": null, ""product_id"": ""P027"", ""quantity"": ""6.0"", ""unit_price"": ""817.79"", ""discount_pct"": ""15"", ""payment_method"": ""Cash"", ""sales_channel"": ""Store"", ""updated_at"": ""2026-06-10 23:59:00"", ""source_batch"": ""3""}",2026-08-18T21:33:39
76aabc075fb0d1bcb2c86ba69d20bcdb2f9c50c7,O001164,orders_batch_3,325,INVALID_DATE,"{""order_id"": ""O001164"", ""order_datetime"": null, ""customer_id"": ""C0107"", ""product_id"": ""P008"", ""quantity"": ""4.0"", ""unit_price"": ""292.37"", ""discount_pct"": ""15"", ""payment_method"": ""Bank Transfer"", ""sales_channel"": ""Store"", ""updated_at"": ""2026-05-09 23:59:00"", ""source_batch"": ""3""}",2026-08-18T21:33:39
6d5e474bd180fa9177fb3b6ca76f5250fa6672b8,O001177,orders_batch_3,338,PRODUCT_NOT_FOUND,"{""order_id"": ""O001177"", ""order_datetime"": ""2026-04-04 04:07:00"", ""customer_id"": ""C0129"", ""product_id"": ""P999"", ""quantity"": ""1.0"", ""unit_price"": ""358.74"", ""discount_pct"": ""0"", ""payment_method"": ""PromptPay"", ""sales_channel"": ""Marketplace"", ""updated_at"": ""2026-04-07 23:59:00"", ""source_batch"": ""3""}",2026-08-18T21:33:39
f11d6f9ce742ab9c9abfb659d7689463c3c1340b,O001179,orders_batch_3,340,INVALID_DATE,"{""order_id"": ""O001179"", ""order_datetime"": null, ""customer_id"": ""C0171"", ""product_id"": ""P031"", ""quantity"": ""1.0"", ""unit_price"": ""599.9"", ""discount_pct"": ""15"", ""payment_method"": ""Credit Card"", ""sales_channel"": ""Store"", ""updated_at"": ""2026-05-07 23:59:00"", ""source_batch"": ""3""}",2026-08-18T21:33:39
eda6fc3fb41abef87773547efa63599fe1f37be9,O001192,orders_batch_3,353,CUSTOMER_NOT_FOUND,"{""order_id"": ""O001192"", ""order_datetime"": ""2026-05-02 18:39:00"", ""customer_id"": ""C9999"", ""product_id"": ""P045"", ""quantity"": ""2.0"", ""unit_price"": ""1459.08"", ""discount_pct"": ""10"", ""payment_method"": ""PromptPay"", ""sales_channel"": ""Store"", ""updated_at"": ""2026-05-05 23:59:00"", ""source_batch"": ""3""}",2026-08-18T21:33:39
099db78ad163cd58c01f39bc8471a08a4a5fdaef,O001212,orders_batch_3,373,DISCOUNT_OUT_OF_RANGE,"{""order_id"": ""O001212"", ""order_datetime"": ""2026-05-20 16:45:00"", ""customer_id"": ""C0154"", ""product_id"": ""P004"", ""quantity"": ""5.0"", ""unit_price"": ""1451.77"", ""discount_pct"": ""120"", ""payment_method"": ""Bank Transfer"", ""sales_channel"": ""Marketplace"", ""updated_at"": ""2026-05-23 23:59:00"", ""source_batch"": ""3""}",2026-08-18T21:33:39
679769c2871aa5611c0bd8418778fea286706628,O001243,orders_batch_3,404,QTY_NOT_NUMERIC,"{""order_id"": ""O001243"", ""order_datetime"": ""2026-04-02 11:45:00"", ""customer_id"": ""C0078"", ""product_id"": ""P015"", ""quantity"": null, ""unit_price"": ""320.33"", ""discount_pct"": ""0"", ""payment_method"": ""Credit Card"", ""sales_channel"": ""Store"", ""updated_at"": ""2026-04-05 23:59:00"", ""source_batch"": ""3""}",2026-08-18T21:33:39
ddabc18213e82ead91f0eaa78ad0b276f3160856,O001245,orders_batch_3,406,CUSTOMER_MISSING,"{""order_id"": ""O001245"", ""order_datetime"": ""2026-04-17 23:42:00"", ""customer_id"": null, ""product_id"": ""P023"", ""quantity"": ""3.0"", ""unit_price"": ""784.71"", ""discount_pct"": ""10"", ""payment_method"": ""Bank Transfer"", ""sales_channel"": ""Online"", ""updated_at"": ""2026-04-20 23:59:00"", ""source_batch"": ""3""}",2026-08-18T21:33:39
6112e37079859503fd6ef9be4ff642decd1971a3,O001246,orders_batch_3,407,QTY_OUT_OF_RANGE,"{""order_id"": ""O001246"", ""order_datetime"": ""2026-05-07 12:27:00"", ""customer_id"": ""C0014"", ""product_id"": ""P024"", ""quantity"": ""-2.0"", ""unit_price"": ""241.87"", ""discount_pct"": ""0"", ""payment_method"": ""Bank Transfer"", ""sales_channel"": ""Store"", ""updated_at"": ""2026-05-10 23:59:00"", ""source_batch"": ""3""}",2026-08-18T21:33:39
920c0f1286469766635c2b860470a51fe82bb7d5,O001251,orders_batch_3,412,PRICE_MISSING,"{""order_id"": ""O001251"", ""order_datetime"": ""2026-05-28 02:21:00"", ""customer_id"": ""C0059"", ""product_id"": ""P025"", ""quantity"": ""1.0"", ""unit_price"": null, ""discount_pct"": ""0"", ""payment_method"": ""Bank Transfer"", ""sales_channel"": ""Store"", ""updated_at"": ""2026-05-31 23:59:00"", ""source_batch"": ""3""}",2026-08-18T21:33:39
