order_id,order_date,customer_key,product_key,quantity,unit_price,discount,gross_sales,net_sales,payment_method,payment_status,paid_at,channel,source_file
ORD000001,2026-01-08 17:11:00,158,39,2,940.5,0.0,1881.0,1881.0,Bank Transfer,PAID,2026-01-08 17:30:00,Marketplace,orders_2026_01.csv
ORD000002,2026-01-12 20:13:00,123,38,1,12900.0,0.1,12900.0,11610.0,Bank Transfer,PAID,2026-01-12 22:58:00,Mobile App,orders_2026_01.csv
ORD000003,2026-01-26 14:00:00,119,31,3,1415.5,0.05,4246.5,4034.18,PromptPay,PAID,2026-01-26 14:03:00,Web,orders_2026_01.csv
ORD000004,2026-01-18 16:18:00,65,3,2,25900.0,0.0,51800.0,51800.0,Bank Transfer,PAID,2026-01-18 18:24:00,Mobile App,orders_2026_01.csv
ORD000005,2026-01-08 17:43:00,129,7,2,23310.0,0.05,46620.0,44289.0,Credit Card,PAID,2026-01-08 20:03:00,Mobile App,orders_2026_01.csv
ORD000006,2026-01-23 11:50:00,97,37,2,27195.0,0.0,54390.0,54390.0,Bank Transfer,PAID,2026-01-23 12:37:00,Mobile App,orders_2026_01.csv
ORD000007,2026-01-24 07:03:00,139,1,1,284.05,0.0,284.05,284.05,Bank Transfer,PAID,2026-01-24 09:09:00,Web,orders_2026_01.csv
ORD000010,2026-01-07 03:12:00,100,17,2,990.0,0.1,1980.0,1782.0,Bank Transfer,PAID,2026-01-07 04:36:00,Mobile App,orders_2026_01.csv
ORD000011,2026-01-12 14:34:00,120,28,2,313.95,0.0,627.9,627.9,Credit Card,PAID,2026-01-12 16:27:00,Web,orders_2026_01.csv
ORD000012,2026-01-08 22:35:00,141,8,2,449.1,0.05,898.2,853.29,Bank Transfer,PAID,2026-01-08 23:43:00,Marketplace,orders_2026_01.csv
ORD000013,2026-01-27 22:41:00,110,2,2,1341.0,0.0,2682.0,2682.0,Bank Transfer,PAID,2026-01-28 01:23:00,Mobile App,orders_2026_01.csv
ORD000014,2026-01-20 07:11:00,142,17,4,990.0,0.0,3960.0,3960.0,Credit Card,PAID,2026-01-20 09:42:00,Marketplace,orders_2026_01.csv
ORD000015,2026-01-04 13:47:00,151,18,2,4189.5,0.0,8379.0,8379.0,Bank Transfer,PAID,2026-01-04 15:28:00,Web,orders_2026_01.csv
ORD000016,2026-01-18 06:47:00,72,6,1,313.95,0.0,313.95,313.95,Bank Transfer,PAID,2026-01-18 07:49:00,Mobile App,orders_2026_01.csv
ORD000017,2026-01-27 00:37:00,48,19,2,3591.0,0.0,7182.0,7182.0,Bank Transfer,PAID,2026-01-27 03:19:00,Mobile App,orders_2026_01.csv
ORD000018,2026-01-05 02:59:00,37,1,3,299.0,0.0,897.0,897.0,Bank Transfer,PAID,2026-01-05 03:24:00,Marketplace,orders_2026_01.csv
ORD000019,2026-01-14 22:23:00,159,19,1,4189.5,0.1,4189.5,3770.55,PromptPay,PAID,2026-01-15 00:15:00,Web,orders_2026_01.csv
ORD000020,2026-01-08 21:53:00,115,7,1,25900.0,0.0,25900.0,25900.0,Credit Card,PAID,2026-01-08 22:34:00,Web,orders_2026_01.csv
ORD000021,2026-01-18 02:04:00,7,7,1,27195.0,0.05,27195.0,25835.25,Bank Transfer,PAID,2026-01-18 03:13:00,Web,orders_2026_01.csv
ORD000024,2026-01-28 11:43:00,42,33,1,13545.0,0.0,13545.0,13545.0,Bank Transfer,PAID,2026-01-28 13:44:00,Marketplace,orders_2026_01.csv
ORD000025,2026-01-07 13:04:00,79,11,1,25900.0,0.0,25900.0,25900.0,Credit Card,PAID,2026-01-07 15:39:00,Web,orders_2026_01.csv
ORD000026,2026-01-04 19:15:00,107,8,1,499.0,0.0,499.0,499.0,Credit Card,PAID,2026-01-04 20:27:00,Mobile App,orders_2026_01.csv
ORD000027,2026-01-23 14:12:00,143,19,2,3790.5,0.1,7581.0,6822.9,Credit Card,PAID,2026-01-23 15:21:00,Web,orders_2026_01.csv
ORD000028,2026-01-08 05:59:00,139,13,4,523.95,0.0,2095.8,2095.8,Credit Card,PAID,2026-01-08 08:06:00,Mobile App,orders_2026_01.csv
ORD000030,2026-01-10 12:26:00,3,6,1,299.0,0.05,299.0,284.05,PromptPay,PAID,2026-01-10 14:50:00,Mobile App,orders_2026_01.csv
ORD000031,2026-01-16 18:33:00,87,27,1,24605.0,0.0,24605.0,24605.0,PromptPay,PAID,2026-01-16 18:52:00,Web,orders_2026_01.csv
ORD000032,2026-01-01 14:52:00,85,35,1,25900.0,0.0,25900.0,25900.0,Bank Transfer,PAID,2026-01-01 17:21:00,Mobile App,orders_2026_01.csv
ORD000034,2026-01-24 06:21:00,44,5,1,313.95,0.0,313.95,313.95,PromptPay,PAID,2026-01-24 06:44:00,Web,orders_2026_01.csv
ORD000035,2026-01-16 21:39:00,45,33,3,12900.0,0.0,38700.0,38700.0,PromptPay,PAID,2026-01-17 00:12:00,Marketplace,orders_2026_01.csv
ORD000036,2026-01-21 10:30:00,43,5,1,299.0,0.0,299.0,299.0,Credit Card,PAID,2026-01-21 13:28:00,Mobile App,orders_2026_01.csv
ORD000037,2026-01-20 00:56:00,108,17,4,990.0,0.0,3960.0,3960.0,PromptPay,PAID,2026-01-20 03:11:00,Web,orders_2026_01.csv
ORD000038,2026-01-18 01:57:00,8,9,1,284.05,0.05,284.05,269.85,PromptPay,PAID,2026-01-18 03:21:00,Mobile App,orders_2026_01.csv
ORD000039,2026-01-28 20:23:00,126,4,2,1415.5,0.0,2831.0,2831.0,PromptPay,PAID,2026-01-28 20:25:00,Marketplace,orders_2026_01.csv
ORD000040,2026-01-15 23:19:00,86,21,1,23310.0,0.0,23310.0,23310.0,PromptPay,PAID,2026-01-16 00:12:00,Marketplace,orders_2026_01.csv
ORD000041,2026-01-11 12:38:00,8,34,2,284.05,0.0,568.1,568.1,Credit Card,PAID,2026-01-11 14:36:00,Web,orders_2026_01.csv
ORD000042,2026-01-21 15:59:00,114,32,1,25900.0,0.0,25900.0,25900.0,Credit Card,PAID,2026-01-21 17:17:00,Marketplace,orders_2026_01.csv
ORD000043,2026-01-03 08:15:00,6,18,1,3790.5,0.05,3790.5,3600.98,Bank Transfer,PAID,2026-01-03 09:31:00,Web,orders_2026_01.csv
ORD000045,2026-01-16 19:17:00,68,19,3,3990.0,0.0,11970.0,11970.0,Bank Transfer,PAID,2026-01-16 19:47:00,Marketplace,orders_2026_01.csv
ORD000046,2026-01-21 21:21:00,97,26,2,12900.0,0.1,25800.0,23220.0,Bank Transfer,PAID,2026-01-21 22:17:00,Mobile App,orders_2026_01.csv
ORD000047,2026-01-01 07:56:00,100,38,4,11610.0,0.0,46440.0,46440.0,PromptPay,PAID,2026-01-01 09:44:00,Web,orders_2026_01.csv
ORD000048,2026-01-13 07:59:00,40,38,2,12900.0,0.0,25800.0,25800.0,PromptPay,PAID,2026-01-13 09:30:00,Marketplace,orders_2026_01.csv
ORD000049,2026-01-18 00:12:00,59,19,1,3990.0,0.05,3990.0,3790.5,PromptPay,PAID,2026-01-18 01:04:00,Mobile App,orders_2026_01.csv
ORD000050,2026-01-09 02:38:00,67,6,1,313.95,0.0,313.95,313.95,Bank Transfer,PAID,2026-01-09 04:32:00,Web,orders_2026_01.csv
ORD000051,2026-01-24 03:14:00,35,39,4,990.0,0.0,3960.0,3960.0,Credit Card,PAID,2026-01-24 04:27:00,Marketplace,orders_2026_01.csv
ORD000052,2026-01-18 11:03:00,79,35,1,23310.0,0.0,23310.0,23310.0,Credit Card,PAID,2026-01-18 12:24:00,Mobile App,orders_2026_01.csv
ORD000053,2026-01-16 20:25:00,113,19,4,3990.0,0.05,15960.0,15162.0,Credit Card,PAID,2026-01-16 22:54:00,Marketplace,orders_2026_01.csv
ORD000054,2026-01-01 18:10:00,46,35,1,25900.0,0.1,25900.0,23310.0,Bank Transfer,PAID,2026-01-01 19:13:00,Marketplace,orders_2026_01.csv
ORD000055,2026-01-07 14:06:00,132,27,2,23310.0,0.0,46620.0,46620.0,Credit Card,PAID,2026-01-07 16:03:00,Marketplace,orders_2026_01.csv
ORD000056,2026-01-07 05:17:00,83,17,1,990.0,0.0,990.0,990.0,Bank Transfer,PAID,2026-01-07 07:02:00,Web,orders_2026_01.csv
ORD000057,2026-01-20 22:46:00,54,39,2,990.0,0.0,1980.0,1980.0,Bank Transfer,PAID,2026-01-20 23:31:00,Marketplace,orders_2026_01.csv
ORD000058,2026-01-16 05:55:00,96,38,2,13545.0,0.05,27090.0,25735.5,PromptPay,PAID,2026-01-16 07:21:00,Mobile App,orders_2026_01.csv
ORD000059,2026-01-22 06:56:00,38,5,1,284.05,0.0,284.05,284.05,Bank Transfer,PAID,2026-01-22 07:08:00,Mobile App,orders_2026_01.csv
ORD000060,2026-01-15 09:26:00,57,5,1,299.0,0.1,299.0,269.1,Credit Card,PAID,2026-01-15 12:01:00,Mobile App,orders_2026_01.csv
ORD000061,2026-01-08 12:44:00,102,23,2,313.95,0.1,627.9,565.11,Bank Transfer,PAID,2026-01-08 12:47:00,Mobile App,orders_2026_01.csv
ORD000062,2026-01-09 13:10:00,36,20,3,499.0,0.0,1497.0,1497.0,PromptPay,PAID,2026-01-09 15:05:00,Marketplace,orders_2026_01.csv
ORD000063,2026-01-08 01:20:00,34,25,3,27195.0,0.0,81585.0,81585.0,Credit Card,PAID,2026-01-08 04:07:00,Marketplace,orders_2026_01.csv
ORD000064,2026-01-07 21:17:00,152,14,1,1039.5,0.1,1039.5,935.55,Credit Card,PAID,2026-01-07 21:33:00,Web,orders_2026_01.csv
ORD000065,2026-01-20 12:44:00,160,31,3,1490.0,0.0,4470.0,4470.0,Bank Transfer,PAID,2026-01-20 15:03:00,Web,orders_2026_01.csv
ORD000067,2026-01-11 23:34:00,125,35,1,25900.0,0.0,25900.0,25900.0,Credit Card,PAID,2026-01-12 02:25:00,Mobile App,orders_2026_01.csv
ORD000068,2026-01-15 21:59:00,52,39,1,940.5,0.05,940.5,893.47,PromptPay,PAID,2026-01-16 00:21:00,Mobile App,orders_2026_01.csv
ORD000069,2026-01-09 12:18:00,81,39,1,1039.5,0.0,1039.5,1039.5,Credit Card,PAID,2026-01-09 14:32:00,Web,orders_2026_01.csv
ORD000070,2026-01-28 09:39:00,69,14,4,1039.5,0.0,4158.0,4158.0,Bank Transfer,PAID,2026-01-28 12:02:00,Marketplace,orders_2026_01.csv
ORD000071,2026-01-01 22:56:00,21,8,1,523.95,0.0,523.95,523.95,Credit Card,PAID,2026-01-02 00:10:00,Web,orders_2026_01.csv
ORD000072,2026-01-24 22:09:00,28,32,4,23310.0,0.05,93240.0,88578.0,Credit Card,PAID,2026-01-24 22:55:00,Mobile App,orders_2026_01.csv
ORD000073,2026-01-13 05:31:00,9,22,1,474.05,0.0,474.05,474.05,Credit Card,PAID,2026-01-13 07:28:00,Web,orders_2026_01.csv
ORD000074,2026-01-17 10:33:00,110,31,4,1490.0,0.0,5960.0,5960.0,Credit Card,PAID,2026-01-17 11:45:00,Marketplace,orders_2026_01.csv
ORD000075,2026-01-22 08:13:00,39,7,2,24605.0,0.05,49210.0,46749.5,Credit Card,PAID,2026-01-22 08:15:00,Web,orders_2026_01.csv
ORD000077,2026-01-08 04:24:00,143,26,2,12255.0,0.0,24510.0,24510.0,PromptPay,PAID,2026-01-08 04:29:00,Web,orders_2026_01.csv
ORD000078,2026-01-22 17:21:00,70,17,1,1039.5,0.05,1039.5,987.52,Bank Transfer,PAID,2026-01-22 17:34:00,Marketplace,orders_2026_01.csv
ORD000079,2026-01-05 10:50:00,5,37,1,25900.0,0.1,25900.0,23310.0,Bank Transfer,PAID,2026-01-05 13:47:00,Mobile App,orders_2026_01.csv
ORD000080,2026-01-28 17:30:00,8,19,3,4189.5,0.05,12568.5,11940.08,Bank Transfer,PAID,2026-01-28 19:57:00,Marketplace,orders_2026_01.csv
ORD000081,2026-01-11 02:57:00,61,18,4,3591.0,0.0,14364.0,14364.0,Credit Card,PAID,2026-01-11 03:07:00,Web,orders_2026_01.csv
ORD000082,2026-01-21 18:06:00,147,20,2,474.05,0.1,948.1,853.29,PromptPay,PAID,2026-01-21 18:30:00,Marketplace,orders_2026_01.csv
ORD000083,2026-01-17 01:19:00,70,21,1,25900.0,0.0,25900.0,25900.0,PromptPay,PAID,2026-01-17 01:51:00,Web,orders_2026_01.csv
ORD000084,2026-01-27 07:52:00,132,26,1,11610.0,0.0,11610.0,11610.0,PromptPay,PAID,2026-01-27 08:53:00,Web,orders_2026_01.csv
ORD000085,2026-01-20 05:05:00,145,3,2,24605.0,0.0,49210.0,49210.0,Credit Card,PAID,2026-01-20 07:24:00,Mobile App,orders_2026_01.csv
ORD000086,2026-01-22 09:30:00,38,15,4,269.1,0.0,1076.4,1076.4,Bank Transfer,PAID,2026-01-22 12:16:00,Web,orders_2026_01.csv
ORD000087,2026-01-25 05:31:00,68,1,3,299.0,0.0,897.0,897.0,Credit Card,PAID,2026-01-25 08:13:00,Web,orders_2026_01.csv
ORD000088,2026-01-28 21:16:00,118,24,2,284.05,0.1,568.1,511.29,PromptPay,PAID,2026-01-28 22:57:00,Web,orders_2026_01.csv
ORD000089,2026-01-26 04:55:00,70,26,1,12900.0,0.0,12900.0,12900.0,PromptPay,PAID,2026-01-26 07:40:00,Web,orders_2026_01.csv
ORD000090,2026-01-19 00:37:00,83,38,1,12900.0,0.0,12900.0,12900.0,Bank Transfer,PAID,2026-01-19 01:32:00,Marketplace,orders_2026_01.csv
ORD000091,2026-01-18 10:20:00,156,37,1,25900.0,0.05,25900.0,24605.0,PromptPay,PAID,2026-01-18 12:55:00,Mobile App,orders_2026_01.csv
ORD000092,2026-01-16 20:33:00,86,6,1,313.95,0.0,313.95,313.95,Credit Card,PAID,2026-01-16 21:27:00,Web,orders_2026_01.csv
ORD000094,2026-01-05 03:21:00,14,12,1,1039.5,0.1,1039.5,935.55,Bank Transfer,PAID,2026-01-05 06:00:00,Marketplace,orders_2026_01.csv
ORD000095,2026-01-01 19:36:00,62,20,2,499.0,0.0,998.0,998.0,Credit Card,PAID,2026-01-01 20:33:00,Web,orders_2026_01.csv
ORD000096,2026-01-26 20:50:00,90,24,2,284.05,0.0,568.1,568.1,Credit Card,PAID,2026-01-26 22:11:00,Mobile App,orders_2026_01.csv
ORD000097,2026-01-16 01:11:00,8,9,4,299.0,0.0,1196.0,1196.0,PromptPay,PAID,2026-01-16 01:43:00,Marketplace,orders_2026_01.csv
ORD000098,2026-01-14 04:53:00,99,16,2,1490.0,0.1,2980.0,2682.0,Credit Card,PAID,2026-01-14 06:37:00,Marketplace,orders_2026_01.csv
ORD000099,2026-01-24 06:51:00,136,39,3,1039.5,0.0,3118.5,3118.5,PromptPay,PAID,2026-01-24 08:38:00,Mobile App,orders_2026_01.csv
ORD000100,2026-01-05 13:19:00,14,38,2,13545.0,0.0,27090.0,27090.0,Bank Transfer,PAID,2026-01-05 15:44:00,Mobile App,orders_2026_01.csv
ORD000102,2026-01-05 07:29:00,78,2,4,1341.0,0.05,5364.0,5095.8,Bank Transfer,PAID,2026-01-05 09:52:00,Mobile App,orders_2026_01.csv
ORD000103,2026-01-11 07:18:00,79,14,1,940.5,0.1,940.5,846.45,Credit Card,PAID,2026-01-11 08:32:00,Web,orders_2026_01.csv
ORD000104,2026-01-13 17:48:00,157,36,2,299.0,0.1,598.0,538.2,Credit Card,PAID,2026-01-13 19:26:00,Marketplace,orders_2026_01.csv
ORD000105,2026-01-07 02:25:00,99,2,2,1341.0,0.1,2682.0,2413.8,Credit Card,PAID,2026-01-07 03:54:00,Mobile App,orders_2026_01.csv
ORD000107,2026-01-23 21:07:00,65,23,2,299.0,0.0,598.0,598.0,Credit Card,PAID,2026-01-23 23:36:00,Web,orders_2026_01.csv
ORD000108,2026-01-17 22:05:00,138,29,4,3990.0,0.0,15960.0,15960.0,Credit Card,PAID,2026-01-17 23:54:00,Web,orders_2026_01.csv
ORD000109,2026-01-19 03:38:00,140,33,1,13545.0,0.0,13545.0,13545.0,Credit Card,PAID,2026-01-19 06:35:00,Web,orders_2026_01.csv
ORD000110,2026-01-27 22:29:00,66,2,3,1341.0,0.0,4023.0,4023.0,PromptPay,PAID,2026-01-28 00:24:00,Marketplace,orders_2026_01.csv
ORD000111,2026-01-04 17:27:00,146,8,3,449.1,0.0,1347.3,1347.3,Credit Card,PAID,2026-01-04 19:04:00,Mobile App,orders_2026_01.csv
ORD000113,2026-01-03 06:56:00,24,27,3,24605.0,0.0,73815.0,73815.0,Bank Transfer,PAID,2026-01-03 09:53:00,Mobile App,orders_2026_01.csv
ORD000114,2026-01-01 13:09:00,50,14,3,1039.5,0.0,3118.5,3118.5,PromptPay,PAID,2026-01-01 14:03:00,Web,orders_2026_01.csv
ORD000115,2026-01-21 07:56:00,85,9,4,313.95,0.0,1255.8,1255.8,Bank Transfer,PAID,2026-01-21 10:17:00,Mobile App,orders_2026_01.csv
ORD000116,2026-01-24 08:29:00,73,2,4,1341.0,0.0,5364.0,5364.0,Bank Transfer,PAID,2026-01-24 10:09:00,Web,orders_2026_01.csv
ORD000117,2026-01-09 09:51:00,12,16,1,1415.5,0.0,1415.5,1415.5,Bank Transfer,PAID,2026-01-09 10:26:00,Marketplace,orders_2026_01.csv
ORD000118,2026-01-21 07:02:00,75,25,1,23310.0,0.05,23310.0,22144.5,Bank Transfer,PAID,2026-01-21 08:33:00,Web,orders_2026_01.csv
ORD000119,2026-01-25 09:48:00,7,22,1,449.1,0.0,449.1,449.1,Bank Transfer,PAID,2026-01-25 10:43:00,Web,orders_2026_01.csv
ORD000120,2026-01-15 14:33:00,92,20,4,499.0,0.0,1996.0,1996.0,PromptPay,PAID,2026-01-15 16:33:00,Web,orders_2026_01.csv
ORD000122,2026-01-08 11:24:00,51,10,3,891.0,0.1,2673.0,2405.7,PromptPay,PAID,2026-01-08 11:27:00,Mobile App,orders_2026_01.csv
ORD000123,2026-01-08 18:25:00,35,24,1,313.95,0.0,313.95,313.95,Bank Transfer,PAID,2026-01-08 19:08:00,Mobile App,orders_2026_01.csv
ORD000124,2026-01-15 01:56:00,12,7,1,27195.0,0.05,27195.0,25835.25,PromptPay,PAID,2026-01-15 04:09:00,Web,orders_2026_01.csv
ORD000125,2026-01-24 01:22:00,155,3,1,25900.0,0.0,25900.0,25900.0,PromptPay,PAID,2026-01-24 02:51:00,Web,orders_2026_01.csv
ORD000126,2026-01-03 20:15:00,56,22,1,523.95,0.05,523.95,497.75,Credit Card,PAID,2026-01-03 20:33:00,Marketplace,orders_2026_01.csv
ORD000127,2026-01-27 13:30:00,60,40,3,3790.5,0.05,11371.5,10802.92,Bank Transfer,PAID,2026-01-27 15:29:00,Mobile App,orders_2026_01.csv
ORD000128,2026-01-13 09:03:00,138,12,3,940.5,0.0,2821.5,2821.5,Credit Card,PAID,2026-01-13 09:29:00,Mobile App,orders_2026_01.csv
ORD000129,2026-01-24 16:44:00,98,31,1,1490.0,0.0,1490.0,1490.0,PromptPay,PAID,2026-01-24 17:25:00,Mobile App,orders_2026_01.csv
ORD000131,2026-01-03 03:34:00,101,10,2,891.0,0.05,1782.0,1692.9,Bank Transfer,PAID,2026-01-03 05:17:00,Marketplace,orders_2026_01.csv
ORD000132,2026-01-28 02:40:00,146,22,1,523.95,0.1,523.95,471.56,Credit Card,PAID,2026-01-28 03:12:00,Marketplace,orders_2026_01.csv
ORD000133,2026-01-11 15:42:00,78,8,3,449.1,0.0,1347.3,1347.3,Credit Card,PAID,2026-01-11 17:27:00,Marketplace,orders_2026_01.csv
ORD000134,2026-01-08 15:18:00,7,18,2,3591.0,0.05,7182.0,6822.9,Bank Transfer,PAID,2026-01-08 16:18:00,Marketplace,orders_2026_01.csv
ORD000135,2026-01-15 04:33:00,76,27,2,25900.0,0.05,51800.0,49210.0,Credit Card,PAID,2026-01-15 05:23:00,Mobile App,orders_2026_01.csv
ORD000136,2026-01-18 05:28:00,52,3,2,25900.0,0.0,51800.0,51800.0,PromptPay,PAID,2026-01-18 05:57:00,Mobile App,orders_2026_01.csv
ORD000137,2026-01-07 00:33:00,3,39,2,990.0,0.05,1980.0,1881.0,PromptPay,PAID,2026-01-07 00:39:00,Marketplace,orders_2026_01.csv
ORD000138,2026-01-08 13:50:00,145,30,1,474.05,0.1,474.05,426.65,Credit Card,PAID,2026-01-08 13:54:00,Mobile App,orders_2026_01.csv
ORD000139,2026-01-05 03:18:00,75,16,1,1490.0,0.0,1490.0,1490.0,Credit Card,PAID,2026-01-05 05:45:00,Web,orders_2026_01.csv
ORD000140,2026-01-04 00:24:00,132,23,1,269.1,0.05,269.1,255.64,Credit Card,PAID,2026-01-04 00:39:00,Marketplace,orders_2026_01.csv
ORD000141,2026-01-14 11:29:00,69,11,2,23310.0,0.0,46620.0,46620.0,Credit Card,PAID,2026-01-14 11:56:00,Web,orders_2026_01.csv
ORD000143,2026-01-18 23:04:00,133,7,1,25900.0,0.05,25900.0,24605.0,Credit Card,PAID,2026-01-19 00:29:00,Web,orders_2026_01.csv
ORD000145,2026-01-11 18:33:00,142,9,1,313.95,0.1,313.95,282.56,Credit Card,PAID,2026-01-11 19:39:00,Web,orders_2026_01.csv
ORD000146,2026-01-13 00:04:00,96,23,1,299.0,0.0,299.0,299.0,Bank Transfer,PAID,2026-01-13 00:08:00,Marketplace,orders_2026_01.csv
ORD000147,2026-01-24 10:34:00,114,1,1,299.0,0.0,299.0,299.0,Bank Transfer,PAID,2026-01-24 12:27:00,Marketplace,orders_2026_01.csv
ORD000149,2026-01-04 10:57:00,33,28,1,299.0,0.05,299.0,284.05,Bank Transfer,PAID,2026-01-04 12:47:00,Mobile App,orders_2026_01.csv
ORD000150,2026-01-11 10:12:00,67,33,2,12900.0,0.0,25800.0,25800.0,Bank Transfer,PAID,2026-01-11 12:02:00,Mobile App,orders_2026_01.csv
ORD000151,2026-01-06 02:33:00,4,36,1,269.1,0.0,269.1,269.1,Credit Card,PAID,2026-01-06 05:16:00,Mobile App,orders_2026_01.csv
ORD000152,2026-01-20 15:01:00,26,40,2,3990.0,0.0,7980.0,7980.0,Bank Transfer,PAID,2026-01-20 15:53:00,Marketplace,orders_2026_01.csv
ORD000153,2026-01-08 04:09:00,120,11,1,25900.0,0.0,25900.0,25900.0,Credit Card,PAID,2026-01-08 04:54:00,Mobile App,orders_2026_01.csv
ORD000154,2026-01-04 03:08:00,47,9,4,299.0,0.0,1196.0,1196.0,PromptPay,PAID,2026-01-04 05:58:00,Marketplace,orders_2026_01.csv
ORD000155,2026-01-19 06:03:00,130,14,4,990.0,0.0,3960.0,3960.0,PromptPay,PAID,2026-01-19 07:13:00,Web,orders_2026_01.csv
ORD000156,2026-01-07 14:35:00,14,1,2,269.1,0.0,538.2,538.2,PromptPay,PAID,2026-01-07 15:45:00,Marketplace,orders_2026_01.csv
ORD000157,2026-01-13 09:28:00,54,24,1,299.0,0.0,299.0,299.0,Credit Card,PAID,2026-01-13 11:34:00,Marketplace,orders_2026_01.csv
ORD000158,2026-01-14 21:41:00,73,27,1,23310.0,0.05,23310.0,22144.5,Bank Transfer,PAID,2026-01-14 22:07:00,Web,orders_2026_01.csv
ORD000159,2026-01-08 21:42:00,141,6,1,284.05,0.05,284.05,269.85,Credit Card,PAID,2026-01-08 23:30:00,Mobile App,orders_2026_01.csv
ORD000160,2026-01-15 17:15:00,59,14,2,990.0,0.0,1980.0,1980.0,Credit Card,PAID,2026-01-15 19:09:00,Mobile App,orders_2026_01.csv
ORD000161,2026-01-11 15:47:00,92,12,1,891.0,0.05,891.0,846.45,Bank Transfer,PAID,2026-01-11 18:21:00,Mobile App,orders_2026_01.csv
ORD000162,2026-01-24 04:41:00,130,2,2,1415.5,0.05,2831.0,2689.45,Credit Card,PAID,2026-01-24 07:23:00,Mobile App,orders_2026_01.csv
ORD000163,2026-01-24 22:34:00,93,37,1,24605.0,0.1,24605.0,22144.5,PromptPay,PAID,2026-01-24 23:22:00,Marketplace,orders_2026_01.csv
ORD000164,2026-01-06 04:10:00,112,33,3,11610.0,0.0,34830.0,34830.0,Credit Card,PAID,2026-01-06 04:53:00,Marketplace,orders_2026_01.csv
ORD000165,2026-01-26 09:37:00,2,24,1,299.0,0.0,299.0,299.0,PromptPay,PAID,2026-01-26 11:39:00,Marketplace,orders_2026_01.csv
ORD000166,2026-01-05 14:37:00,1,27,3,27195.0,0.0,81585.0,81585.0,Bank Transfer,PAID,2026-01-05 16:33:00,Web,orders_2026_01.csv
ORD000168,2026-01-10 11:34:00,4,19,3,3990.0,0.0,11970.0,11970.0,Credit Card,PAID,2026-01-10 12:59:00,Marketplace,orders_2026_01.csv
ORD000169,2026-01-23 15:45:00,73,18,1,3591.0,0.1,3591.0,3231.9,Bank Transfer,PAID,2026-01-23 15:58:00,Marketplace,orders_2026_01.csv
ORD000170,2026-01-18 21:15:00,4,20,1,499.0,0.0,499.0,499.0,Bank Transfer,PAID,2026-01-18 22:05:00,Marketplace,orders_2026_01.csv
ORD000171,2026-01-26 20:58:00,160,10,2,891.0,0.0,1782.0,1782.0,Credit Card,PAID,2026-01-26 21:59:00,Web,orders_2026_01.csv
ORD000172,2026-01-20 16:52:00,28,34,1,299.0,0.1,299.0,269.1,PromptPay,PAID,2026-01-20 17:39:00,Mobile App,orders_2026_01.csv
ORD000173,2026-01-03 06:14:00,137,7,3,27195.0,0.0,81585.0,81585.0,Credit Card,PAID,2026-01-03 08:17:00,Marketplace,orders_2026_01.csv
ORD000174,2026-01-28 23:11:00,75,18,4,3990.0,0.05,15960.0,15162.0,Credit Card,PAID,2026-01-28 23:29:00,Marketplace,orders_2026_01.csv
ORD000175,2026-01-26 17:56:00,88,4,3,1564.5,0.0,4693.5,4693.5,Credit Card,PAID,2026-01-26 18:58:00,Marketplace,orders_2026_01.csv
ORD000176,2026-01-21 02:49:00,120,25,2,27195.0,0.0,54390.0,54390.0,Credit Card,PAID,2026-01-21 05:33:00,Mobile App,orders_2026_01.csv
ORD000177,2026-01-04 02:29:00,15,27,2,23310.0,0.05,46620.0,44289.0,Credit Card,PAID,2026-01-04 05:23:00,Mobile App,orders_2026_01.csv
ORD000178,2026-01-26 22:57:00,127,28,4,299.0,0.0,1196.0,1196.0,Bank Transfer,PAID,2026-01-27 01:41:00,Mobile App,orders_2026_01.csv
ORD000180,2026-01-06 14:27:00,26,21,1,23310.0,0.0,23310.0,23310.0,Bank Transfer,PAID,2026-01-06 16:40:00,Marketplace,orders_2026_01.csv
ORD000181,2026-01-17 22:36:00,78,7,1,25900.0,0.0,25900.0,25900.0,PromptPay,PAID,2026-01-17 23:43:00,Mobile App,orders_2026_01.csv
ORD000182,2026-01-19 01:42:00,135,25,1,23310.0,0.0,23310.0,23310.0,Credit Card,PAID,2026-01-19 02:14:00,Mobile App,orders_2026_01.csv
ORD000183,2026-01-11 14:35:00,44,38,3,11610.0,0.0,34830.0,34830.0,PromptPay,PAID,2026-01-11 14:59:00,Web,orders_2026_01.csv
ORD000184,2026-01-17 11:36:00,154,19,4,3790.5,0.0,15162.0,15162.0,PromptPay,PAID,2026-01-17 12:30:00,Web,orders_2026_01.csv
ORD000185,2026-01-08 11:35:00,140,28,4,269.1,0.1,1076.4,968.76,Credit Card,PAID,2026-01-08 11:57:00,Mobile App,orders_2026_01.csv
ORD000187,2026-01-22 17:38:00,92,39,2,990.0,0.0,1980.0,1980.0,Credit Card,PAID,2026-01-22 19:22:00,Marketplace,orders_2026_01.csv
ORD000188,2026-01-22 03:20:00,47,31,4,1490.0,0.05,5960.0,5662.0,Credit Card,PAID,2026-01-22 06:04:00,Marketplace,orders_2026_01.csv
ORD000190,2026-01-28 04:14:00,129,25,4,27195.0,0.0,108780.0,108780.0,PromptPay,PAID,2026-01-28 04:22:00,Marketplace,orders_2026_01.csv
ORD000191,2026-01-17 08:52:00,11,23,1,299.0,0.0,299.0,299.0,PromptPay,PAID,2026-01-17 11:42:00,Mobile App,orders_2026_01.csv
ORD000192,2026-01-13 01:30:00,101,39,1,1039.5,0.0,1039.5,1039.5,Bank Transfer,PAID,2026-01-13 02:16:00,Web,orders_2026_01.csv
ORD000193,2026-01-18 00:15:00,52,5,2,299.0,0.1,598.0,538.2,Credit Card,PAID,2026-01-18 00:18:00,Mobile App,orders_2026_01.csv
ORD000194,2026-01-22 00:46:00,113,1,1,299.0,0.1,299.0,269.1,Bank Transfer,PAID,2026-01-22 02:31:00,Marketplace,orders_2026_01.csv
ORD000195,2026-01-11 22:27:00,94,14,2,990.0,0.0,1980.0,1980.0,Bank Transfer,PAID,2026-01-11 23:40:00,Mobile App,orders_2026_01.csv
ORD000196,2026-01-20 08:53:00,132,7,1,25900.0,0.1,25900.0,23310.0,PromptPay,PAID,2026-01-20 10:07:00,Web,orders_2026_01.csv
ORD000197,2026-01-06 22:25:00,99,2,1,1415.5,0.05,1415.5,1344.72,Credit Card,PAID,2026-01-07 01:07:00,Web,orders_2026_01.csv
ORD000198,2026-01-22 16:13:00,40,12,4,990.0,0.1,3960.0,3564.0,Bank Transfer,PAID,2026-01-22 17:18:00,Marketplace,orders_2026_01.csv
ORD000200,2026-01-01 14:06:00,97,4,2,1341.0,0.0,2682.0,2682.0,PromptPay,PAID,2026-01-01 16:49:00,Mobile App,orders_2026_01.csv
ORD000201,2026-01-22 12:04:00,59,22,4,449.1,0.0,1796.4,1796.4,PromptPay,PAID,2026-01-22 14:32:00,Marketplace,orders_2026_01.csv
ORD000202,2026-01-04 08:21:00,19,27,2,23310.0,0.05,46620.0,44289.0,PromptPay,PAID,2026-01-04 10:23:00,Web,orders_2026_01.csv
ORD000203,2026-01-12 15:24:00,83,25,1,25900.0,0.0,25900.0,25900.0,Credit Card,PAID,2026-01-12 17:06:00,Mobile App,orders_2026_01.csv
ORD000204,2026-01-06 00:39:00,131,36,2,313.95,0.0,627.9,627.9,Credit Card,PAID,2026-01-06 03:10:00,Mobile App,orders_2026_01.csv
ORD000206,2026-01-06 21:44:00,8,23,4,269.1,0.0,1076.4,1076.4,PromptPay,PAID,2026-01-06 23:55:00,Web,orders_2026_01.csv
ORD000207,2026-01-11 04:13:00,52,1,1,313.95,0.0,313.95,313.95,PromptPay,PAID,2026-01-11 05:29:00,Marketplace,orders_2026_01.csv
ORD000208,2026-01-25 17:56:00,24,37,4,23310.0,0.1,93240.0,83916.0,PromptPay,PAID,2026-01-25 18:11:00,Web,orders_2026_01.csv
ORD000209,2026-01-14 02:39:00,67,6,1,284.05,0.0,284.05,284.05,PromptPay,PAID,2026-01-14 05:29:00,Marketplace,orders_2026_01.csv
ORD000210,2026-01-26 09:51:00,13,9,1,299.0,0.0,299.0,299.0,Credit Card,PAID,2026-01-26 11:17:00,Mobile App,orders_2026_01.csv
ORD000211,2026-01-24 08:11:00,66,22,2,499.0,0.05,998.0,948.1,Credit Card,PAID,2026-01-24 08:30:00,Web,orders_2026_01.csv
ORD000212,2026-01-10 23:01:00,71,1,2,284.05,0.1,568.1,511.29,Credit Card,PAID,2026-01-11 01:18:00,Marketplace,orders_2026_01.csv
ORD000213,2026-01-17 11:40:00,25,21,1,25900.0,0.0,25900.0,25900.0,PromptPay,PAID,2026-01-17 13:48:00,Marketplace,orders_2026_01.csv
ORD000214,2026-01-09 14:42:00,14,19,2,3990.0,0.0,7980.0,7980.0,Credit Card,PAID,2026-01-09 15:24:00,Web,orders_2026_01.csv
ORD000215,2026-01-21 10:20:00,40,36,2,299.0,0.05,598.0,568.1,PromptPay,PAID,2026-01-21 11:14:00,Web,orders_2026_01.csv
ORD000216,2026-01-28 05:31:00,24,33,1,12255.0,0.0,12255.0,12255.0,Credit Card,PAID,2026-01-28 07:48:00,Marketplace,orders_2026_01.csv
ORD000218,2026-01-01 18:45:00,72,20,3,474.05,0.1,1422.15,1279.94,Bank Transfer,PAID,2026-01-01 20:07:00,Mobile App,orders_2026_01.csv
ORD000219,2026-01-10 09:38:00,81,21,1,27195.0,0.0,27195.0,27195.0,Bank Transfer,PAID,2026-01-10 12:03:00,Web,orders_2026_01.csv
ORD000220,2026-01-12 20:20:00,135,37,1,24605.0,0.0,24605.0,24605.0,Credit Card,PAID,2026-01-12 22:17:00,Marketplace,orders_2026_01.csv
ORD000221,2026-01-25 21:10:00,157,8,4,523.95,0.05,2095.8,1991.01,Credit Card,PAID,2026-01-25 21:26:00,Marketplace,orders_2026_01.csv
ORD000222,2026-01-23 20:37:00,109,27,1,24605.0,0.1,24605.0,22144.5,Credit Card,PAID,2026-01-23 22:07:00,Mobile App,orders_2026_01.csv
ORD000223,2026-01-17 01:11:00,51,14,2,940.5,0.0,1881.0,1881.0,PromptPay,PAID,2026-01-17 01:44:00,Marketplace,orders_2026_01.csv
ORD000224,2026-01-14 21:18:00,12,31,1,1490.0,0.0,1490.0,1490.0,PromptPay,PAID,2026-01-14 22:01:00,Web,orders_2026_01.csv
ORD000225,2026-01-16 05:19:00,135,25,1,23310.0,0.05,23310.0,22144.5,PromptPay,PAID,2026-01-16 06:29:00,Mobile App,orders_2026_01.csv
ORD000226,2026-01-08 17:35:00,64,3,3,23310.0,0.0,69930.0,69930.0,Credit Card,PAID,2026-01-08 18:59:00,Mobile App,orders_2026_01.csv
ORD000227,2026-01-02 17:13:00,7,16,1,1490.0,0.0,1490.0,1490.0,Bank Transfer,PAID,2026-01-02 19:15:00,Marketplace,orders_2026_01.csv
ORD000228,2026-01-17 20:14:00,53,28,3,299.0,0.0,897.0,897.0,Credit Card,PAID,2026-01-17 21:37:00,Web,orders_2026_01.csv
ORD000229,2026-01-08 13:18:00,8,17,2,940.5,0.0,1881.0,1881.0,Bank Transfer,PAID,2026-01-08 14:50:00,Mobile App,orders_2026_01.csv
ORD000230,2026-01-19 20:00:00,160,15,4,299.0,0.1,1196.0,1076.4,PromptPay,PAID,2026-01-19 20:18:00,Web,orders_2026_01.csv
ORD000231,2026-01-11 10:24:00,33,38,1,12900.0,0.0,12900.0,12900.0,Credit Card,PAID,2026-01-11 10:38:00,Web,orders_2026_01.csv
ORD000232,2026-01-08 03:01:00,4,8,1,499.0,0.05,499.0,474.05,PromptPay,PAID,2026-01-08 03:06:00,Marketplace,orders_2026_01.csv
ORD000233,2026-01-18 08:14:00,85,7,2,25900.0,0.0,51800.0,51800.0,PromptPay,PAID,2026-01-18 09:31:00,Marketplace,orders_2026_01.csv
ORD000234,2026-01-06 03:24:00,25,26,2,12900.0,0.0,25800.0,25800.0,Bank Transfer,PAID,2026-01-06 04:58:00,Marketplace,orders_2026_01.csv
ORD000235,2026-01-12 09:30:00,87,30,3,499.0,0.0,1497.0,1497.0,PromptPay,PAID,2026-01-12 11:42:00,Marketplace,orders_2026_01.csv
ORD000236,2026-01-19 05:22:00,68,27,1,23310.0,0.05,23310.0,22144.5,Bank Transfer,PAID,2026-01-19 05:28:00,Marketplace,orders_2026_01.csv
ORD000237,2026-01-17 04:02:00,20,30,3,523.95,0.1,1571.85,1414.67,Bank Transfer,PAID,2026-01-17 04:13:00,Web,orders_2026_01.csv
ORD000238,2026-01-10 23:15:00,140,34,2,313.95,0.0,627.9,627.9,Bank Transfer,PAID,2026-01-11 02:11:00,Marketplace,orders_2026_01.csv
ORD000239,2026-01-27 08:24:00,44,4,2,1490.0,0.0,2980.0,2980.0,Credit Card,PAID,2026-01-27 08:51:00,Marketplace,orders_2026_01.csv
ORD000240,2026-01-01 04:54:00,91,18,1,3990.0,0.0,3990.0,3990.0,PromptPay,PAID,2026-01-01 06:09:00,Mobile App,orders_2026_01.csv
ORD000241,2026-01-24 06:52:00,3,26,3,12255.0,0.0,36765.0,36765.0,Credit Card,PAID,2026-01-24 09:08:00,Web,orders_2026_01.csv
ORD000242,2026-01-08 00:54:00,106,16,2,1490.0,0.0,2980.0,2980.0,Credit Card,PAID,2026-01-08 03:54:00,Web,orders_2026_01.csv
ORD000243,2026-01-19 16:38:00,129,13,3,499.0,0.1,1497.0,1347.3,Bank Transfer,PAID,2026-01-19 17:52:00,Mobile App,orders_2026_01.csv
ORD000244,2026-01-16 14:15:00,153,29,2,3990.0,0.05,7980.0,7581.0,PromptPay,PAID,2026-01-16 16:05:00,Web,orders_2026_01.csv
ORD000245,2026-01-11 05:18:00,58,31,1,1415.5,0.1,1415.5,1273.95,Credit Card,PAID,2026-01-11 06:59:00,Web,orders_2026_01.csv
ORD000246,2026-01-12 03:50:00,107,28,1,269.1,0.05,269.1,255.64,Bank Transfer,PAID,2026-01-12 06:31:00,Mobile App,orders_2026_01.csv
ORD000247,2026-01-20 00:13:00,25,29,2,4189.5,0.05,8379.0,7960.05,PromptPay,PAID,2026-01-20 01:03:00,Web,orders_2026_01.csv
ORD000248,2026-01-14 08:37:00,144,9,1,284.05,0.0,284.05,284.05,PromptPay,PAID,2026-01-14 08:56:00,Mobile App,orders_2026_01.csv
ORD000249,2026-01-04 01:05:00,121,8,3,499.0,0.0,1497.0,1497.0,Credit Card,PAID,2026-01-04 03:32:00,Web,orders_2026_01.csv
ORD000250,2026-01-20 22:06:00,160,39,3,891.0,0.05,2673.0,2539.35,Credit Card,PAID,2026-01-20 23:00:00,Web,orders_2026_01.csv
ORD000251,2026-01-10 23:16:00,14,10,3,891.0,0.1,2673.0,2405.7,Bank Transfer,PAID,2026-01-11 00:28:00,Web,orders_2026_01.csv
ORD000252,2026-01-12 07:49:00,68,20,1,449.1,0.1,449.1,404.19,Credit Card,PAID,2026-01-12 08:17:00,Web,orders_2026_01.csv
ORD000253,2026-01-05 12:14:00,139,29,4,3990.0,0.1,15960.0,14364.0,Bank Transfer,PAID,2026-01-05 14:03:00,Marketplace,orders_2026_01.csv
ORD000254,2026-01-02 14:40:00,30,12,2,990.0,0.0,1980.0,1980.0,Bank Transfer,PAID,2026-01-02 16:51:00,Mobile App,orders_2026_01.csv
ORD000255,2026-01-26 05:45:00,90,10,2,940.5,0.0,1881.0,1881.0,PromptPay,PAID,2026-01-26 08:04:00,Mobile App,orders_2026_01.csv
ORD000257,2026-01-15 04:48:00,16,14,1,990.0,0.05,990.0,940.5,Credit Card,PAID,2026-01-15 05:54:00,Mobile App,orders_2026_01.csv
ORD000258,2026-01-02 00:35:00,50,2,4,1490.0,0.0,5960.0,5960.0,PromptPay,PAID,2026-01-02 02:44:00,Web,orders_2026_01.csv
ORD000259,2026-01-18 01:24:00,102,39,3,1039.5,0.1,3118.5,2806.65,PromptPay,PAID,2026-01-18 02:01:00,Marketplace,orders_2026_01.csv
ORD000260,2026-01-06 12:56:00,151,29,4,4189.5,0.1,16758.0,15082.2,Bank Transfer,PAID,2026-01-06 14:03:00,Marketplace,orders_2026_01.csv
ORD000261,2026-01-19 00:17:00,37,32,1,25900.0,0.0,25900.0,25900.0,Credit Card,PAID,2026-01-19 03:05:00,Web,orders_2026_01.csv
ORD000263,2026-01-21 09:23:00,19,19,2,3990.0,0.1,7980.0,7182.0,Bank Transfer,PAID,2026-01-21 12:13:00,Mobile App,orders_2026_01.csv
ORD000264,2026-01-15 23:38:00,110,18,2,3990.0,0.1,7980.0,7182.0,Bank Transfer,PAID,2026-01-16 01:52:00,Mobile App,orders_2026_01.csv
ORD000265,2026-01-25 21:34:00,116,31,2,1490.0,0.05,2980.0,2831.0,PromptPay,PAID,2026-01-25 22:52:00,Web,orders_2026_01.csv
ORD000268,2026-01-13 08:12:00,45,18,3,3591.0,0.0,10773.0,10773.0,Credit Card,PAID,2026-01-13 08:58:00,Mobile App,orders_2026_01.csv
ORD000269,2026-01-16 02:11:00,115,12,4,1039.5,0.0,4158.0,4158.0,Bank Transfer,PAID,2026-01-16 03:31:00,Marketplace,orders_2026_01.csv
ORD000270,2026-01-12 19:00:00,87,30,3,449.1,0.05,1347.3,1279.94,Bank Transfer,PAID,2026-01-12 19:18:00,Web,orders_2026_01.csv
ORD000271,2026-01-07 11:25:00,91,35,2,23310.0,0.0,46620.0,46620.0,Credit Card,PAID,2026-01-07 14:14:00,Web,orders_2026_01.csv
ORD000272,2026-01-19 03:26:00,159,38,1,13545.0,0.0,13545.0,13545.0,Credit Card,PAID,2026-01-19 04:25:00,Mobile App,orders_2026_01.csv
ORD000273,2026-01-12 05:23:00,8,5,1,269.1,0.0,269.1,269.1,Credit Card,PAID,2026-01-12 06:20:00,Mobile App,orders_2026_01.csv
ORD000274,2026-01-10 19:46:00,157,28,2,299.0,0.0,598.0,598.0,PromptPay,PAID,2026-01-10 22:12:00,Web,orders_2026_01.csv
ORD000275,2026-01-28 07:37:00,31,32,1,23310.0,0.0,23310.0,23310.0,Bank Transfer,PAID,2026-01-28 08:56:00,Mobile App,orders_2026_01.csv
ORD000277,2026-01-08 09:08:00,7,9,3,299.0,0.0,897.0,897.0,Bank Transfer,PAID,2026-01-08 11:22:00,Marketplace,orders_2026_01.csv
ORD000278,2026-01-09 23:49:00,2,15,2,313.95,0.0,627.9,627.9,Credit Card,PAID,2026-01-10 02:25:00,Marketplace,orders_2026_01.csv
ORD000279,2026-01-21 01:07:00,4,40,2,3990.0,0.0,7980.0,7980.0,PromptPay,PAID,2026-01-21 02:34:00,Mobile App,orders_2026_01.csv
ORD000280,2026-01-27 03:52:00,101,4,2,1490.0,0.05,2980.0,2831.0,Credit Card,PAID,2026-01-27 04:58:00,Web,orders_2026_01.csv
ORD000281,2026-01-04 23:47:00,99,11,1,23310.0,0.0,23310.0,23310.0,Bank Transfer,PAID,2026-01-05 01:18:00,Mobile App,orders_2026_01.csv
ORD000282,2026-01-18 02:19:00,137,26,1,12900.0,0.0,12900.0,12900.0,PromptPay,PAID,2026-01-18 04:13:00,Marketplace,orders_2026_01.csv
ORD000283,2026-01-05 22:30:00,78,10,2,1039.5,0.0,2079.0,2079.0,PromptPay,PAID,2026-01-05 22:38:00,Web,orders_2026_01.csv
ORD000284,2026-01-07 09:47:00,115,35,3,25900.0,0.0,77700.0,77700.0,PromptPay,PAID,2026-01-07 11:53:00,Web,orders_2026_01.csv
ORD000286,2026-01-25 11:47:00,106,27,2,25900.0,0.05,51800.0,49210.0,PromptPay,PAID,2026-01-25 13:38:00,Marketplace,orders_2026_01.csv
ORD000287,2026-01-17 00:04:00,74,26,1,12255.0,0.0,12255.0,12255.0,Bank Transfer,PAID,2026-01-17 02:51:00,Marketplace,orders_2026_01.csv
ORD000288,2026-01-07 04:21:00,5,29,3,3990.0,0.0,11970.0,11970.0,PromptPay,PAID,2026-01-07 04:36:00,Marketplace,orders_2026_01.csv
ORD000289,2026-01-15 09:31:00,83,29,3,3790.5,0.0,11371.5,11371.5,Bank Transfer,PAID,2026-01-15 09:43:00,Marketplace,orders_2026_01.csv
ORD000290,2026-01-12 13:01:00,38,34,4,299.0,0.0,1196.0,1196.0,Credit Card,PAID,2026-01-12 14:21:00,Web,orders_2026_01.csv
ORD000291,2026-01-27 10:12:00,158,36,3,299.0,0.1,897.0,807.3,PromptPay,PAID,2026-01-27 10:43:00,Mobile App,orders_2026_01.csv
ORD000292,2026-01-24 12:23:00,130,13,1,474.05,0.05,474.05,450.35,Bank Transfer,PAID,2026-01-24 14:47:00,Mobile App,orders_2026_01.csv
ORD000293,2026-01-12 19:17:00,48,37,3,24605.0,0.0,73815.0,73815.0,PromptPay,PAID,2026-01-12 20:54:00,Web,orders_2026_01.csv
ORD000295,2026-01-04 05:04:00,54,36,2,313.95,0.1,627.9,565.11,PromptPay,PAID,2026-01-04 05:52:00,Mobile App,orders_2026_01.csv
ORD000296,2026-01-16 06:57:00,104,36,1,284.05,0.0,284.05,284.05,Bank Transfer,PAID,2026-01-16 07:02:00,Marketplace,orders_2026_01.csv
ORD000297,2026-01-15 13:14:00,123,19,2,3990.0,0.05,7980.0,7581.0,PromptPay,PAID,2026-01-15 15:38:00,Mobile App,orders_2026_01.csv
ORD000298,2026-01-27 17:42:00,122,39,2,891.0,0.1,1782.0,1603.8,Credit Card,PAID,2026-01-27 19:15:00,Marketplace,orders_2026_01.csv
ORD000299,2026-01-02 22:35:00,9,21,3,24605.0,0.1,73815.0,66433.5,Bank Transfer,PAID,2026-01-03 00:20:00,Web,orders_2026_01.csv
ORD000300,2026-01-20 05:53:00,138,9,2,269.1,0.1,538.2,484.38,PromptPay,PAID,2026-01-20 06:26:00,Web,orders_2026_01.csv
ORD000301,2026-01-12 08:38:00,13,40,4,3990.0,0.0,15960.0,15960.0,Bank Transfer,PAID,2026-01-12 10:45:00,Marketplace,orders_2026_01.csv
ORD000302,2026-01-02 04:34:00,81,26,1,11610.0,0.05,11610.0,11029.5,PromptPay,PAID,2026-01-02 06:41:00,Mobile App,orders_2026_01.csv
ORD000303,2026-01-20 15:52:00,101,26,4,12900.0,0.0,51600.0,51600.0,PromptPay,PAID,2026-01-20 17:24:00,Marketplace,orders_2026_01.csv
ORD000304,2026-01-04 19:27:00,147,9,4,313.95,0.0,1255.8,1255.8,Credit Card,PAID,2026-01-04 21:36:00,Mobile App,orders_2026_01.csv
ORD000305,2026-01-26 21:33:00,116,30,1,499.0,0.05,499.0,474.05,Credit Card,PAID,2026-01-27 00:16:00,Web,orders_2026_01.csv
ORD000306,2026-01-22 16:20:00,126,32,1,27195.0,0.0,27195.0,27195.0,PromptPay,PAID,2026-01-22 16:52:00,Mobile App,orders_2026_01.csv
ORD000307,2026-01-14 05:12:00,109,39,3,1039.5,0.0,3118.5,3118.5,Credit Card,PAID,2026-01-14 06:46:00,Web,orders_2026_01.csv
ORD000308,2026-01-06 21:33:00,19,37,4,23310.0,0.0,93240.0,93240.0,Credit Card,PAID,2026-01-06 22:49:00,Marketplace,orders_2026_01.csv
ORD000309,2026-01-16 01:10:00,81,15,1,299.0,0.0,299.0,299.0,PromptPay,PAID,2026-01-16 02:32:00,Marketplace,orders_2026_01.csv
ORD000311,2026-01-13 17:06:00,144,32,3,25900.0,0.1,77700.0,69930.0,PromptPay,PAID,2026-01-13 17:17:00,Mobile App,orders_2026_01.csv
ORD000312,2026-01-04 13:24:00,11,26,1,12900.0,0.0,12900.0,12900.0,PromptPay,PAID,2026-01-04 14:00:00,Mobile App,orders_2026_01.csv
ORD000315,2026-01-21 13:58:00,37,16,1,1564.5,0.0,1564.5,1564.5,Bank Transfer,PAID,2026-01-21 14:19:00,Marketplace,orders_2026_01.csv
ORD000316,2026-01-15 06:25:00,140,21,1,27195.0,0.0,27195.0,27195.0,Credit Card,PAID,2026-01-15 09:11:00,Web,orders_2026_01.csv
ORD000317,2026-01-26 07:49:00,68,22,1,499.0,0.0,499.0,499.0,Bank Transfer,PAID,2026-01-26 10:10:00,Marketplace,orders_2026_01.csv
ORD000318,2026-01-04 17:13:00,8,2,1,1490.0,0.0,1490.0,1490.0,Credit Card,PAID,2026-01-04 17:44:00,Mobile App,orders_2026_01.csv
ORD000319,2026-01-28 14:43:00,150,13,1,499.0,0.0,499.0,499.0,Bank Transfer,PAID,2026-01-28 17:09:00,Web,orders_2026_01.csv
ORD000320,2026-01-05 23:01:00,109,8,1,523.95,0.0,523.95,523.95,Bank Transfer,PAID,2026-01-06 00:18:00,Marketplace,orders_2026_01.csv
ORD000321,2026-01-04 08:53:00,79,14,1,990.0,0.1,990.0,891.0,Bank Transfer,PAID,2026-01-04 10:21:00,Mobile App,orders_2026_01.csv
ORD000323,2026-01-28 04:05:00,151,32,1,25900.0,0.0,25900.0,25900.0,Credit Card,PAID,2026-01-28 04:59:00,Mobile App,orders_2026_01.csv
ORD000324,2026-01-13 14:46:00,44,39,3,891.0,0.1,2673.0,2405.7,Bank Transfer,PAID,2026-01-13 17:04:00,Mobile App,orders_2026_01.csv
ORD000325,2026-01-07 06:28:00,12,18,1,4189.5,0.0,4189.5,4189.5,Credit Card,PAID,2026-01-07 08:31:00,Mobile App,orders_2026_01.csv
ORD000327,2026-01-09 08:32:00,123,20,3,474.05,0.0,1422.15,1422.15,PromptPay,PAID,2026-01-09 10:26:00,Mobile App,orders_2026_01.csv
ORD000328,2026-01-23 13:01:00,46,16,2,1341.0,0.0,2682.0,2682.0,PromptPay,PAID,2026-01-23 13:55:00,Mobile App,orders_2026_01.csv
ORD000329,2026-01-24 00:32:00,140,8,1,499.0,0.05,499.0,474.05,Bank Transfer,PAID,2026-01-24 03:18:00,Marketplace,orders_2026_01.csv
ORD000330,2026-01-12 11:00:00,20,28,3,269.1,0.0,807.3,807.3,PromptPay,PAID,2026-01-12 11:50:00,Web,orders_2026_01.csv
ORD000331,2026-01-24 02:37:00,90,35,1,24605.0,0.0,24605.0,24605.0,Credit Card,PAID,2026-01-24 04:21:00,Marketplace,orders_2026_01.csv
ORD000332,2026-01-23 04:50:00,135,3,2,25900.0,0.05,51800.0,49210.0,Bank Transfer,PAID,2026-01-23 05:08:00,Marketplace,orders_2026_01.csv
ORD000333,2026-01-20 03:21:00,143,11,2,25900.0,0.0,51800.0,51800.0,PromptPay,PAID,2026-01-20 05:27:00,Web,orders_2026_01.csv
ORD000334,2026-01-03 11:55:00,90,21,1,24605.0,0.1,24605.0,22144.5,Credit Card,PAID,2026-01-03 14:23:00,Mobile App,orders_2026_01.csv
ORD000335,2026-01-18 07:01:00,114,19,2,3990.0,0.0,7980.0,7980.0,Bank Transfer,PAID,2026-01-18 08:42:00,Web,orders_2026_01.csv
ORD000336,2026-01-27 00:17:00,58,21,2,24605.0,0.0,49210.0,49210.0,Bank Transfer,PAID,2026-01-27 01:36:00,Marketplace,orders_2026_01.csv
ORD000337,2026-01-16 00:09:00,61,19,1,3990.0,0.1,3990.0,3591.0,Credit Card,PAID,2026-01-16 00:35:00,Mobile App,orders_2026_01.csv
ORD000338,2026-01-27 15:41:00,36,24,2,313.95,0.0,627.9,627.9,Bank Transfer,PAID,2026-01-27 17:48:00,Marketplace,orders_2026_01.csv
ORD000339,2026-01-24 07:46:00,140,3,2,24605.0,0.0,49210.0,49210.0,PromptPay,PAID,2026-01-24 08:27:00,Web,orders_2026_01.csv
ORD000340,2026-01-21 07:12:00,40,5,3,313.95,0.0,941.85,941.85,Bank Transfer,PAID,2026-01-21 09:33:00,Mobile App,orders_2026_01.csv
ORD000341,2026-01-24 01:27:00,159,12,1,891.0,0.0,891.0,891.0,Bank Transfer,PAID,2026-01-24 03:27:00,Marketplace,orders_2026_01.csv
ORD000342,2026-01-26 00:15:00,29,36,3,299.0,0.1,897.0,807.3,PromptPay,PAID,2026-01-26 01:32:00,Web,orders_2026_01.csv
ORD000343,2026-01-24 15:07:00,8,33,4,12900.0,0.0,51600.0,51600.0,PromptPay,PAID,2026-01-24 15:32:00,Mobile App,orders_2026_01.csv
ORD000344,2026-01-03 07:19:00,140,32,4,23310.0,0.0,93240.0,93240.0,PromptPay,PAID,2026-01-03 08:00:00,Marketplace,orders_2026_01.csv
ORD000345,2026-01-06 18:55:00,129,12,1,940.5,0.0,940.5,940.5,Bank Transfer,PAID,2026-01-06 20:15:00,Web,orders_2026_01.csv
ORD000346,2026-01-17 20:22:00,18,21,4,24605.0,0.0,98420.0,98420.0,Bank Transfer,PAID,2026-01-17 21:14:00,Web,orders_2026_01.csv
ORD000348,2026-01-08 09:01:00,79,10,4,891.0,0.0,3564.0,3564.0,Credit Card,PAID,2026-01-08 10:08:00,Marketplace,orders_2026_01.csv
ORD000349,2026-01-13 15:09:00,11,27,4,23310.0,0.1,93240.0,83916.0,Bank Transfer,PAID,2026-01-13 16:38:00,Mobile App,orders_2026_01.csv
ORD000350,2026-01-11 09:57:00,155,24,2,269.1,0.05,538.2,511.29,Credit Card,PAID,2026-01-11 11:09:00,Mobile App,orders_2026_01.csv
ORD000351,2026-01-17 17:41:00,119,30,2,499.0,0.0,998.0,998.0,Credit Card,PAID,2026-01-17 18:25:00,Marketplace,orders_2026_01.csv
ORD000352,2026-01-21 13:44:00,76,22,1,449.1,0.05,449.1,426.64,Bank Transfer,PAID,2026-01-21 14:08:00,Marketplace,orders_2026_01.csv
ORD000353,2026-01-22 13:13:00,32,6,1,299.0,0.0,299.0,299.0,Bank Transfer,PAID,2026-01-22 15:41:00,Marketplace,orders_2026_01.csv
ORD000354,2026-01-19 08:37:00,32,23,1,299.0,0.0,299.0,299.0,Bank Transfer,PAID,2026-01-19 10:06:00,Marketplace,orders_2026_01.csv
ORD000355,2026-01-10 07:21:00,112,16,1,1564.5,0.0,1564.5,1564.5,Bank Transfer,PAID,2026-01-10 07:25:00,Marketplace,orders_2026_01.csv
ORD000356,2026-01-02 23:47:00,158,16,2,1564.5,0.05,3129.0,2972.55,Credit Card,PAID,2026-01-03 01:50:00,Marketplace,orders_2026_01.csv
ORD000357,2026-01-18 15:19:00,87,20,2,449.1,0.05,898.2,853.29,Credit Card,PAID,2026-01-18 17:51:00,Marketplace,orders_2026_01.csv
ORD000358,2026-01-05 18:00:00,63,2,4,1415.5,0.1,5662.0,5095.8,Credit Card,PAID,2026-01-05 18:03:00,Mobile App,orders_2026_01.csv
ORD000359,2026-01-14 22:16:00,151,16,1,1564.5,0.0,1564.5,1564.5,Bank Transfer,PAID,2026-01-14 22:52:00,Marketplace,orders_2026_01.csv
ORD000360,2026-01-24 07:27:00,9,15,2,269.1,0.0,538.2,538.2,Credit Card,PAID,2026-01-24 09:45:00,Marketplace,orders_2026_01.csv
ORD000361,2026-02-19 02:59:00,124,19,1,4189.5,0.05,4189.5,3980.02,Bank Transfer,PAID,2026-02-19 05:29:00,Web,orders_2026_02.csv
ORD000362,2026-02-20 07:33:00,72,39,2,940.5,0.05,1881.0,1786.95,PromptPay,PAID,2026-02-20 08:35:00,Web,orders_2026_02.csv
ORD000363,2026-02-08 06:17:00,136,14,2,940.5,0.05,1881.0,1786.95,PromptPay,PAID,2026-02-08 08:22:00,Mobile App,orders_2026_02.csv
ORD000364,2026-02-16 06:58:00,77,38,2,12900.0,0.0,25800.0,25800.0,Credit Card,PAID,2026-02-16 07:47:00,Web,orders_2026_02.csv
ORD000365,2026-02-23 13:30:00,139,4,2,1490.0,0.0,2980.0,2980.0,Credit Card,PAID,2026-02-23 13:35:00,Marketplace,orders_2026_02.csv
ORD000366,2026-02-14 20:28:00,88,4,1,1490.0,0.0,1490.0,1490.0,Credit Card,PAID,2026-02-14 20:32:00,Marketplace,orders_2026_02.csv
ORD000369,2026-02-22 01:54:00,37,33,3,13545.0,0.0,40635.0,40635.0,Credit Card,PAID,2026-02-22 03:25:00,Mobile App,orders_2026_02.csv
ORD000370,2026-02-05 13:06:00,50,6,2,284.05,0.05,568.1,539.7,PromptPay,PAID,2026-02-05 15:17:00,Marketplace,orders_2026_02.csv
ORD000371,2026-02-06 02:30:00,155,29,4,3990.0,0.0,15960.0,15960.0,PromptPay,PAID,2026-02-06 05:03:00,Web,orders_2026_02.csv
ORD000372,2026-02-03 18:30:00,96,25,2,27195.0,0.1,54390.0,48951.0,Bank Transfer,PAID,2026-02-03 20:56:00,Mobile App,orders_2026_02.csv
ORD000373,2026-02-05 22:22:00,81,28,1,269.1,0.05,269.1,255.64,Credit Card,PAID,2026-02-05 23:00:00,Marketplace,orders_2026_02.csv
ORD000374,2026-02-12 03:57:00,101,40,1,3591.0,0.0,3591.0,3591.0,Credit Card,PAID,2026-02-12 05:01:00,Web,orders_2026_02.csv
ORD000375,2026-02-16 10:59:00,34,8,1,474.05,0.05,474.05,450.35,PromptPay,PAID,2026-02-16 11:10:00,Web,orders_2026_02.csv
ORD000376,2026-02-26 11:51:00,155,27,4,27195.0,0.0,108780.0,108780.0,Credit Card,PAID,2026-02-26 13:45:00,Mobile App,orders_2026_02.csv
ORD000377,2026-02-18 10:54:00,114,14,1,891.0,0.0,891.0,891.0,PromptPay,PAID,2026-02-18 13:06:00,Web,orders_2026_02.csv
ORD000378,2026-02-03 18:47:00,118,2,4,1415.5,0.1,5662.0,5095.8,Credit Card,PAID,2026-02-03 21:18:00,Marketplace,orders_2026_02.csv
ORD000379,2026-02-26 21:04:00,2,10,1,1039.5,0.05,1039.5,987.52,Credit Card,PAID,2026-02-26 23:45:00,Mobile App,orders_2026_02.csv
ORD000380,2026-02-04 17:51:00,45,26,3,11610.0,0.05,34830.0,33088.5,PromptPay,PAID,2026-02-04 18:14:00,Web,orders_2026_02.csv
ORD000381,2026-02-09 10:43:00,77,7,1,24605.0,0.0,24605.0,24605.0,Bank Transfer,PAID,2026-02-09 13:34:00,Mobile App,orders_2026_02.csv
ORD000384,2026-02-14 07:10:00,13,38,1,13545.0,0.05,13545.0,12867.75,PromptPay,PAID,2026-02-14 07:53:00,Marketplace,orders_2026_02.csv
ORD000385,2026-02-12 03:57:00,89,28,4,299.0,0.0,1196.0,1196.0,Credit Card,PAID,2026-02-12 06:23:00,Web,orders_2026_02.csv
ORD000387,2026-02-12 10:15:00,71,28,4,313.95,0.0,1255.8,1255.8,Bank Transfer,PAID,2026-02-12 11:47:00,Marketplace,orders_2026_02.csv
ORD000388,2026-02-22 14:44:00,100,18,2,3591.0,0.0,7182.0,7182.0,Credit Card,PAID,2026-02-22 17:25:00,Web,orders_2026_02.csv
ORD000389,2026-02-15 15:29:00,51,32,2,25900.0,0.0,51800.0,51800.0,Credit Card,PAID,2026-02-15 18:16:00,Marketplace,orders_2026_02.csv
ORD000390,2026-02-04 07:56:00,159,26,3,11610.0,0.0,34830.0,34830.0,Bank Transfer,PAID,2026-02-04 09:09:00,Mobile App,orders_2026_02.csv
ORD000391,2026-02-18 08:58:00,101,20,2,449.1,0.0,898.2,898.2,Credit Card,PAID,2026-02-18 09:31:00,Mobile App,orders_2026_02.csv
ORD000392,2026-02-26 06:39:00,107,23,1,269.1,0.0,269.1,269.1,Credit Card,PAID,2026-02-26 08:14:00,Mobile App,orders_2026_02.csv
ORD000394,2026-02-06 06:54:00,15,7,2,24605.0,0.1,49210.0,44289.0,Bank Transfer,PAID,2026-02-06 09:38:00,Web,orders_2026_02.csv
ORD000395,2026-02-12 15:38:00,8,20,1,499.0,0.0,499.0,499.0,Bank Transfer,PAID,2026-02-12 15:41:00,Web,orders_2026_02.csv
ORD000397,2026-02-06 11:40:00,15,40,2,3990.0,0.1,7980.0,7182.0,PromptPay,PAID,2026-02-06 12:31:00,Marketplace,orders_2026_02.csv
ORD000398,2026-02-20 16:01:00,95,40,2,3990.0,0.0,7980.0,7980.0,Credit Card,PAID,2026-02-20 17:09:00,Marketplace,orders_2026_02.csv
ORD000400,2026-02-19 15:10:00,78,35,4,27195.0,0.0,108780.0,108780.0,PromptPay,PAID,2026-02-19 17:01:00,Web,orders_2026_02.csv
ORD000401,2026-02-16 16:25:00,85,13,3,499.0,0.1,1497.0,1347.3,Bank Transfer,PAID,2026-02-16 18:28:00,Marketplace,orders_2026_02.csv
ORD000402,2026-02-16 20:27:00,84,30,1,523.95,0.05,523.95,497.75,PromptPay,PAID,2026-02-16 23:00:00,Web,orders_2026_02.csv
ORD000403,2026-02-17 06:30:00,107,31,1,1490.0,0.0,1490.0,1490.0,Credit Card,PAID,2026-02-17 08:01:00,Mobile App,orders_2026_02.csv
ORD000405,2026-02-27 09:47:00,70,1,1,299.0,0.0,299.0,299.0,PromptPay,PAID,2026-02-27 10:57:00,Marketplace,orders_2026_02.csv
ORD000406,2026-02-04 00:37:00,144,35,3,23310.0,0.0,69930.0,69930.0,Credit Card,PAID,2026-02-04 01:48:00,Web,orders_2026_02.csv
ORD000407,2026-02-28 08:21:00,100,27,4,23310.0,0.1,93240.0,83916.0,PromptPay,PAID,2026-02-28 11:09:00,Web,orders_2026_02.csv
ORD000408,2026-02-27 20:30:00,47,32,2,25900.0,0.05,51800.0,49210.0,PromptPay,PAID,2026-02-27 20:36:00,Marketplace,orders_2026_02.csv
ORD000409,2026-02-17 18:03:00,71,35,3,27195.0,0.0,81585.0,81585.0,Credit Card,PAID,2026-02-17 18:22:00,Mobile App,orders_2026_02.csv
ORD000411,2026-02-10 01:56:00,30,25,1,25900.0,0.0,25900.0,25900.0,Credit Card,PAID,2026-02-10 04:29:00,Mobile App,orders_2026_02.csv
ORD000412,2026-02-11 23:14:00,88,25,2,25900.0,0.0,51800.0,51800.0,Credit Card,PAID,2026-02-12 02:03:00,Web,orders_2026_02.csv
ORD000413,2026-02-12 05:32:00,125,5,2,313.95,0.0,627.9,627.9,Bank Transfer,PAID,2026-02-12 07:20:00,Web,orders_2026_02.csv
ORD000414,2026-02-18 15:53:00,72,19,1,3591.0,0.0,3591.0,3591.0,Credit Card,PAID,2026-02-18 17:19:00,Web,orders_2026_02.csv
ORD000415,2026-02-15 12:42:00,7,37,4,24605.0,0.0,98420.0,98420.0,Credit Card,PAID,2026-02-15 13:09:00,Marketplace,orders_2026_02.csv
ORD000416,2026-02-06 05:45:00,109,23,2,299.0,0.0,598.0,598.0,Bank Transfer,PAID,2026-02-06 07:35:00,Mobile App,orders_2026_02.csv
ORD000418,2026-02-26 17:39:00,97,18,2,3790.5,0.05,7581.0,7201.95,Credit Card,PAID,2026-02-26 19:56:00,Marketplace,orders_2026_02.csv
ORD000419,2026-02-12 23:28:00,15,2,1,1341.0,0.1,1341.0,1206.9,Bank Transfer,PAID,2026-02-13 02:09:00,Marketplace,orders_2026_02.csv
ORD000420,2026-02-09 09:44:00,56,21,1,23310.0,0.1,23310.0,20979.0,Bank Transfer,PAID,2026-02-09 12:05:00,Mobile App,orders_2026_02.csv
ORD000421,2026-02-14 04:43:00,160,23,3,284.05,0.1,852.15,766.94,Bank Transfer,PAID,2026-02-14 06:37:00,Marketplace,orders_2026_02.csv
ORD000422,2026-02-27 13:36:00,160,1,3,299.0,0.0,897.0,897.0,PromptPay,PAID,2026-02-27 16:23:00,Mobile App,orders_2026_02.csv
ORD000423,2026-02-04 18:44:00,47,27,4,24605.0,0.0,98420.0,98420.0,Bank Transfer,PAID,2026-02-04 21:21:00,Web,orders_2026_02.csv
ORD000424,2026-02-19 22:35:00,2,7,1,24605.0,0.05,24605.0,23374.75,Credit Card,PAID,2026-02-19 22:53:00,Web,orders_2026_02.csv
ORD000425,2026-02-17 18:53:00,145,3,2,25900.0,0.0,51800.0,51800.0,PromptPay,PAID,2026-02-17 21:34:00,Web,orders_2026_02.csv
ORD000426,2026-02-25 09:55:00,43,27,4,25900.0,0.0,103600.0,103600.0,Credit Card,PAID,2026-02-25 11:08:00,Web,orders_2026_02.csv
ORD000428,2026-02-01 09:32:00,36,32,2,27195.0,0.0,54390.0,54390.0,Bank Transfer,PAID,2026-02-01 11:02:00,Mobile App,orders_2026_02.csv
ORD000429,2026-02-02 17:59:00,36,4,3,1490.0,0.0,4470.0,4470.0,PromptPay,PAID,2026-02-02 20:32:00,Web,orders_2026_02.csv
ORD000431,2026-02-05 17:40:00,17,19,1,3790.5,0.1,3790.5,3411.45,Credit Card,PAID,2026-02-05 18:01:00,Marketplace,orders_2026_02.csv
ORD000432,2026-02-04 04:23:00,119,25,4,25900.0,0.0,103600.0,103600.0,PromptPay,PAID,2026-02-04 06:56:00,Marketplace,orders_2026_02.csv
ORD000433,2026-02-11 22:26:00,43,9,2,284.05,0.05,568.1,539.7,Bank Transfer,PAID,2026-02-11 23:59:00,Mobile App,orders_2026_02.csv
ORD000434,2026-02-23 16:44:00,114,25,1,25900.0,0.1,25900.0,23310.0,Bank Transfer,PAID,2026-02-23 19:04:00,Mobile App,orders_2026_02.csv
ORD000435,2026-02-13 04:16:00,130,10,2,891.0,0.05,1782.0,1692.9,PromptPay,PAID,2026-02-13 06:40:00,Mobile App,orders_2026_02.csv
ORD000437,2026-02-24 08:52:00,59,14,2,990.0,0.0,1980.0,1980.0,PromptPay,PAID,2026-02-24 11:51:00,Web,orders_2026_02.csv
ORD000439,2026-02-20 02:29:00,112,2,3,1564.5,0.0,4693.5,4693.5,Credit Card,PAID,2026-02-20 05:19:00,Mobile App,orders_2026_02.csv
ORD000440,2026-02-22 17:06:00,63,8,2,449.1,0.0,898.2,898.2,Credit Card,PAID,2026-02-22 18:29:00,Web,orders_2026_02.csv
ORD000441,2026-02-22 07:08:00,32,24,1,299.0,0.0,299.0,299.0,Bank Transfer,PAID,2026-02-22 07:12:00,Mobile App,orders_2026_02.csv
ORD000442,2026-02-23 13:16:00,105,10,1,1039.5,0.1,1039.5,935.55,PromptPay,PAID,2026-02-23 14:37:00,Marketplace,orders_2026_02.csv
ORD000443,2026-02-19 19:44:00,117,3,4,24605.0,0.0,98420.0,98420.0,PromptPay,PAID,2026-02-19 19:47:00,Web,orders_2026_02.csv
ORD000444,2026-02-12 16:42:00,30,30,3,499.0,0.0,1497.0,1497.0,PromptPay,PAID,2026-02-12 17:48:00,Marketplace,orders_2026_02.csv
ORD000445,2026-02-10 13:38:00,54,25,1,24605.0,0.0,24605.0,24605.0,Bank Transfer,PAID,2026-02-10 14:36:00,Mobile App,orders_2026_02.csv
ORD000446,2026-02-09 12:07:00,62,12,1,990.0,0.0,990.0,990.0,Bank Transfer,PAID,2026-02-09 13:35:00,Mobile App,orders_2026_02.csv
ORD000447,2026-02-24 03:42:00,85,24,1,313.95,0.0,313.95,313.95,PromptPay,PAID,2026-02-24 03:49:00,Mobile App,orders_2026_02.csv
ORD000448,2026-02-15 13:01:00,96,4,2,1341.0,0.05,2682.0,2547.9,PromptPay,PAID,2026-02-15 15:20:00,Web,orders_2026_02.csv
ORD000449,2026-02-27 08:06:00,38,31,3,1341.0,0.0,4023.0,4023.0,Credit Card,PAID,2026-02-27 08:23:00,Web,orders_2026_02.csv
ORD000450,2026-02-08 18:36:00,37,11,1,25900.0,0.0,25900.0,25900.0,Credit Card,PAID,2026-02-08 20:03:00,Marketplace,orders_2026_02.csv
ORD000451,2026-02-15 01:08:00,28,32,4,27195.0,0.05,108780.0,103341.0,Bank Transfer,PAID,2026-02-15 03:31:00,Marketplace,orders_2026_02.csv
ORD000452,2026-02-12 08:11:00,22,5,4,299.0,0.0,1196.0,1196.0,Credit Card,PAID,2026-02-12 11:02:00,Mobile App,orders_2026_02.csv
ORD000453,2026-02-02 03:17:00,105,40,3,3990.0,0.05,11970.0,11371.5,PromptPay,PAID,2026-02-02 05:28:00,Web,orders_2026_02.csv
ORD000454,2026-02-17 21:52:00,87,11,1,27195.0,0.05,27195.0,25835.25,Bank Transfer,PAID,2026-02-17 23:01:00,Mobile App,orders_2026_02.csv
ORD000456,2026-02-19 18:32:00,155,39,3,990.0,0.1,2970.0,2673.0,Bank Transfer,PAID,2026-02-19 19:21:00,Web,orders_2026_02.csv
ORD000460,2026-02-17 04:59:00,40,11,3,27195.0,0.0,81585.0,81585.0,Bank Transfer,PAID,2026-02-17 05:29:00,Mobile App,orders_2026_02.csv
ORD000461,2026-02-12 00:01:00,143,15,2,299.0,0.1,598.0,538.2,PromptPay,PAID,2026-02-12 01:41:00,Mobile App,orders_2026_02.csv
ORD000462,2026-02-28 03:21:00,77,3,2,25900.0,0.05,51800.0,49210.0,Bank Transfer,PAID,2026-02-28 03:51:00,Mobile App,orders_2026_02.csv
ORD000463,2026-02-20 13:20:00,62,30,4,523.95,0.0,2095.8,2095.8,PromptPay,PAID,2026-02-20 14:06:00,Marketplace,orders_2026_02.csv
ORD000465,2026-02-12 07:50:00,2,11,1,27195.0,0.1,27195.0,24475.5,PromptPay,PAID,2026-02-12 09:18:00,Mobile App,orders_2026_02.csv
ORD000466,2026-02-17 18:53:00,44,4,1,1341.0,0.0,1341.0,1341.0,Bank Transfer,PAID,2026-02-17 19:26:00,Mobile App,orders_2026_02.csv
ORD000467,2026-02-26 11:09:00,117,17,4,990.0,0.1,3960.0,3564.0,PromptPay,PAID,2026-02-26 13:26:00,Mobile App,orders_2026_02.csv
ORD000469,2026-02-20 23:00:00,33,4,4,1415.5,0.05,5662.0,5378.9,Bank Transfer,PAID,2026-02-21 00:18:00,Marketplace,orders_2026_02.csv
ORD000470,2026-02-21 21:44:00,76,4,2,1415.5,0.0,2831.0,2831.0,Credit Card,PAID,2026-02-22 00:16:00,Mobile App,orders_2026_02.csv
ORD000471,2026-02-13 13:59:00,68,32,4,27195.0,0.0,108780.0,108780.0,PromptPay,PAID,2026-02-13 14:43:00,Web,orders_2026_02.csv
ORD000472,2026-02-06 07:32:00,155,17,2,1039.5,0.1,2079.0,1871.1,Credit Card,PAID,2026-02-06 09:03:00,Mobile App,orders_2026_02.csv
ORD000473,2026-02-06 17:53:00,59,5,1,299.0,0.0,299.0,299.0,Credit Card,PAID,2026-02-06 19:42:00,Marketplace,orders_2026_02.csv
ORD000474,2026-02-05 22:44:00,8,19,1,4189.5,0.0,4189.5,4189.5,PromptPay,PAID,2026-02-05 23:58:00,Web,orders_2026_02.csv
ORD000475,2026-02-15 05:43:00,85,18,2,3790.5,0.0,7581.0,7581.0,Credit Card,PAID,2026-02-15 07:58:00,Web,orders_2026_02.csv
ORD000476,2026-02-10 18:54:00,6,18,1,4189.5,0.0,4189.5,4189.5,PromptPay,PAID,2026-02-10 21:18:00,Mobile App,orders_2026_02.csv
ORD000477,2026-02-28 08:44:00,92,31,3,1341.0,0.0,4023.0,4023.0,Credit Card,PAID,2026-02-28 11:14:00,Marketplace,orders_2026_02.csv
ORD000478,2026-02-18 15:30:00,97,38,4,12900.0,0.0,51600.0,51600.0,Credit Card,PAID,2026-02-18 15:59:00,Web,orders_2026_02.csv
ORD000479,2026-02-22 17:01:00,13,9,1,269.1,0.0,269.1,269.1,Credit Card,PAID,2026-02-22 17:26:00,Mobile App,orders_2026_02.csv
ORD000480,2026-02-16 08:07:00,29,18,1,3790.5,0.0,3790.5,3790.5,Credit Card,PAID,2026-02-16 09:11:00,Mobile App,orders_2026_02.csv
ORD000481,2026-02-25 14:58:00,52,34,1,299.0,0.0,299.0,299.0,PromptPay,PAID,2026-02-25 17:06:00,Web,orders_2026_02.csv
ORD000482,2026-02-28 09:31:00,36,38,1,13545.0,0.0,13545.0,13545.0,Credit Card,PAID,2026-02-28 10:00:00,Web,orders_2026_02.csv
ORD000483,2026-02-04 18:05:00,10,37,2,25900.0,0.0,51800.0,51800.0,PromptPay,PAID,2026-02-04 19:05:00,Marketplace,orders_2026_02.csv
ORD000484,2026-02-01 01:38:00,48,16,1,1564.5,0.0,1564.5,1564.5,Bank Transfer,PAID,2026-02-01 02:25:00,Marketplace,orders_2026_02.csv
ORD000485,2026-02-23 04:34:00,95,17,4,891.0,0.0,3564.0,3564.0,PromptPay,PAID,2026-02-23 05:43:00,Web,orders_2026_02.csv
ORD000487,2026-02-03 22:11:00,92,10,1,990.0,0.0,990.0,990.0,PromptPay,PAID,2026-02-03 23:18:00,Mobile App,orders_2026_02.csv
ORD000489,2026-02-21 22:56:00,103,10,1,990.0,0.0,990.0,990.0,PromptPay,PAID,2026-02-21 23:12:00,Web,orders_2026_02.csv
ORD000490,2026-02-05 06:12:00,67,28,1,299.0,0.0,299.0,299.0,PromptPay,PAID,2026-02-05 09:10:00,Web,orders_2026_02.csv
ORD000492,2026-02-18 23:25:00,105,14,1,990.0,0.0,990.0,990.0,PromptPay,PAID,2026-02-19 01:29:00,Marketplace,orders_2026_02.csv
ORD000493,2026-02-24 06:43:00,140,22,4,499.0,0.0,1996.0,1996.0,Bank Transfer,PAID,2026-02-24 08:59:00,Web,orders_2026_02.csv
ORD000494,2026-02-21 18:46:00,91,25,1,24605.0,0.0,24605.0,24605.0,Bank Transfer,PAID,2026-02-21 20:31:00,Marketplace,orders_2026_02.csv
ORD000495,2026-02-01 10:05:00,16,16,2,1490.0,0.05,2980.0,2831.0,Bank Transfer,PAID,2026-02-01 12:28:00,Web,orders_2026_02.csv
ORD000496,2026-02-08 04:50:00,7,22,4,499.0,0.1,1996.0,1796.4,Credit Card,PAID,2026-02-08 06:57:00,Web,orders_2026_02.csv
ORD000498,2026-02-06 11:28:00,47,3,2,24605.0,0.0,49210.0,49210.0,Credit Card,PAID,2026-02-06 12:55:00,Marketplace,orders_2026_02.csv
ORD000499,2026-02-07 15:12:00,157,24,1,269.1,0.0,269.1,269.1,Credit Card,PAID,2026-02-07 18:08:00,Mobile App,orders_2026_02.csv
ORD000501,2026-02-27 02:25:00,24,1,1,284.05,0.0,284.05,284.05,Credit Card,PAID,2026-02-27 03:05:00,Marketplace,orders_2026_02.csv
ORD000502,2026-02-19 12:08:00,13,40,1,3591.0,0.1,3591.0,3231.9,PromptPay,PAID,2026-02-19 13:32:00,Mobile App,orders_2026_02.csv
ORD000503,2026-02-10 11:55:00,22,30,4,474.05,0.0,1896.2,1896.2,Credit Card,PAID,2026-02-10 13:59:00,Mobile App,orders_2026_02.csv
ORD000504,2026-02-18 05:44:00,91,5,2,313.95,0.0,627.9,627.9,Bank Transfer,PAID,2026-02-18 08:14:00,Mobile App,orders_2026_02.csv
ORD000505,2026-02-02 01:42:00,148,31,1,1341.0,0.0,1341.0,1341.0,PromptPay,PAID,2026-02-02 04:01:00,Web,orders_2026_02.csv
ORD000506,2026-02-19 13:26:00,153,7,2,27195.0,0.0,54390.0,54390.0,PromptPay,PAID,2026-02-19 15:34:00,Mobile App,orders_2026_02.csv
ORD000507,2026-02-24 12:52:00,126,11,1,25900.0,0.0,25900.0,25900.0,PromptPay,PAID,2026-02-24 12:54:00,Web,orders_2026_02.csv
ORD000508,2026-02-20 22:36:00,129,9,3,299.0,0.0,897.0,897.0,Bank Transfer,PAID,2026-02-21 01:11:00,Mobile App,orders_2026_02.csv
ORD000510,2026-02-10 22:52:00,153,10,4,1039.5,0.0,4158.0,4158.0,PromptPay,PAID,2026-02-10 23:17:00,Web,orders_2026_02.csv
ORD000511,2026-02-24 16:52:00,106,31,1,1490.0,0.1,1490.0,1341.0,Bank Transfer,PAID,2026-02-24 17:18:00,Web,orders_2026_02.csv
ORD000512,2026-02-10 17:11:00,36,17,4,1039.5,0.05,4158.0,3950.1,Credit Card,PAID,2026-02-10 18:03:00,Mobile App,orders_2026_02.csv
ORD000513,2026-02-25 01:56:00,12,22,1,474.05,0.0,474.05,474.05,Bank Transfer,PAID,2026-02-25 02:57:00,Web,orders_2026_02.csv
ORD000514,2026-02-03 09:09:00,28,23,3,313.95,0.05,941.85,894.76,Credit Card,PAID,2026-02-03 10:51:00,Web,orders_2026_02.csv
ORD000515,2026-02-02 13:51:00,30,12,3,990.0,0.1,2970.0,2673.0,Bank Transfer,PAID,2026-02-02 16:29:00,Web,orders_2026_02.csv
ORD000516,2026-02-11 03:07:00,47,2,2,1341.0,0.1,2682.0,2413.8,PromptPay,PAID,2026-02-11 04:55:00,Mobile App,orders_2026_02.csv
ORD000517,2026-02-01 04:57:00,29,3,3,25900.0,0.0,77700.0,77700.0,PromptPay,PAID,2026-02-01 07:07:00,Marketplace,orders_2026_02.csv
ORD000518,2026-02-05 13:30:00,110,15,1,299.0,0.0,299.0,299.0,Credit Card,PAID,2026-02-05 14:49:00,Marketplace,orders_2026_02.csv
ORD000519,2026-02-26 04:26:00,12,33,1,12900.0,0.0,12900.0,12900.0,Bank Transfer,PAID,2026-02-26 06:37:00,Mobile App,orders_2026_02.csv
ORD000520,2026-02-06 15:46:00,114,37,1,23310.0,0.1,23310.0,20979.0,Bank Transfer,PAID,2026-02-06 18:04:00,Marketplace,orders_2026_02.csv
ORD000521,2026-02-08 11:24:00,20,17,1,990.0,0.0,990.0,990.0,PromptPay,PAID,2026-02-08 11:39:00,Marketplace,orders_2026_02.csv
ORD000522,2026-02-03 16:16:00,159,2,2,1490.0,0.1,2980.0,2682.0,Bank Transfer,PAID,2026-02-03 18:43:00,Mobile App,orders_2026_02.csv
ORD000523,2026-02-13 06:28:00,77,32,2,25900.0,0.05,51800.0,49210.0,Bank Transfer,PAID,2026-02-13 07:08:00,Marketplace,orders_2026_02.csv
ORD000524,2026-02-21 20:40:00,140,11,1,25900.0,0.05,25900.0,24605.0,PromptPay,PAID,2026-02-21 21:30:00,Mobile App,orders_2026_02.csv
ORD000525,2026-02-06 05:17:00,124,40,1,3990.0,0.0,3990.0,3990.0,Credit Card,PAID,2026-02-06 07:54:00,Marketplace,orders_2026_02.csv
ORD000526,2026-02-23 05:53:00,140,7,1,25900.0,0.0,25900.0,25900.0,Bank Transfer,PAID,2026-02-23 07:06:00,Web,orders_2026_02.csv
ORD000528,2026-02-12 17:29:00,118,30,2,499.0,0.05,998.0,948.1,Credit Card,PAID,2026-02-12 17:43:00,Marketplace,orders_2026_02.csv
ORD000529,2026-02-18 00:14:00,71,39,2,1039.5,0.05,2079.0,1975.05,Bank Transfer,PAID,2026-02-18 03:14:00,Web,orders_2026_02.csv
ORD000530,2026-02-06 08:19:00,23,36,1,299.0,0.0,299.0,299.0,PromptPay,PAID,2026-02-06 09:06:00,Marketplace,orders_2026_02.csv
ORD000531,2026-02-28 13:46:00,9,35,1,25900.0,0.1,25900.0,23310.0,Bank Transfer,PAID,2026-02-28 15:31:00,Marketplace,orders_2026_02.csv
ORD000533,2026-02-25 22:30:00,117,35,2,25900.0,0.1,51800.0,46620.0,Bank Transfer,PAID,2026-02-26 00:07:00,Mobile App,orders_2026_02.csv
ORD000534,2026-02-17 15:31:00,134,15,1,313.95,0.0,313.95,313.95,Bank Transfer,PAID,2026-02-17 16:22:00,Marketplace,orders_2026_02.csv
ORD000535,2026-02-05 23:37:00,68,18,1,3790.5,0.1,3790.5,3411.45,Credit Card,PAID,2026-02-06 02:27:00,Mobile App,orders_2026_02.csv
ORD000536,2026-02-03 06:33:00,15,13,2,499.0,0.0,998.0,998.0,Credit Card,PAID,2026-02-03 07:43:00,Mobile App,orders_2026_02.csv
ORD000537,2026-02-16 23:58:00,73,31,1,1490.0,0.05,1490.0,1415.5,Credit Card,PAID,2026-02-17 01:55:00,Web,orders_2026_02.csv
ORD000538,2026-02-20 19:01:00,133,15,3,269.1,0.1,807.3,726.57,Bank Transfer,PAID,2026-02-20 20:34:00,Mobile App,orders_2026_02.csv
ORD000539,2026-02-23 19:29:00,3,1,1,284.05,0.0,284.05,284.05,Bank Transfer,PAID,2026-02-23 20:24:00,Marketplace,orders_2026_02.csv
ORD000540,2026-02-14 08:20:00,17,29,1,3790.5,0.1,3790.5,3411.45,Bank Transfer,PAID,2026-02-14 08:44:00,Marketplace,orders_2026_02.csv
ORD000541,2026-02-10 16:41:00,94,30,1,499.0,0.0,499.0,499.0,PromptPay,PAID,2026-02-10 17:08:00,Web,orders_2026_02.csv
ORD000542,2026-02-15 18:56:00,30,21,1,27195.0,0.1,27195.0,24475.5,Bank Transfer,PAID,2026-02-15 21:18:00,Marketplace,orders_2026_02.csv
ORD000543,2026-02-23 13:02:00,108,22,4,449.1,0.0,1796.4,1796.4,PromptPay,PAID,2026-02-23 15:46:00,Web,orders_2026_02.csv
ORD000544,2026-02-21 01:50:00,125,22,1,499.0,0.0,499.0,499.0,Bank Transfer,PAID,2026-02-21 01:59:00,Mobile App,orders_2026_02.csv
ORD000545,2026-02-15 21:06:00,148,10,2,990.0,0.0,1980.0,1980.0,Bank Transfer,PAID,2026-02-15 23:59:00,Marketplace,orders_2026_02.csv
ORD000546,2026-02-13 10:01:00,4,16,1,1415.5,0.0,1415.5,1415.5,Credit Card,PAID,2026-02-13 12:28:00,Marketplace,orders_2026_02.csv
ORD000547,2026-02-08 07:16:00,8,39,1,940.5,0.0,940.5,940.5,PromptPay,PAID,2026-02-08 09:07:00,Web,orders_2026_02.csv
ORD000548,2026-02-25 01:20:00,121,7,1,24605.0,0.0,24605.0,24605.0,Credit Card,PAID,2026-02-25 02:01:00,Mobile App,orders_2026_02.csv
ORD000551,2026-02-10 16:42:00,105,5,2,313.95,0.1,627.9,565.11,Credit Card,PAID,2026-02-10 17:37:00,Marketplace,orders_2026_02.csv
ORD000552,2026-02-06 04:25:00,66,4,1,1490.0,0.1,1490.0,1341.0,Credit Card,PAID,2026-02-06 04:31:00,Web,orders_2026_02.csv
ORD000554,2026-02-19 09:59:00,28,10,1,891.0,0.1,891.0,801.9,PromptPay,PAID,2026-02-19 12:46:00,Marketplace,orders_2026_02.csv
ORD000555,2026-02-05 00:05:00,85,7,4,25900.0,0.05,103600.0,98420.0,PromptPay,PAID,2026-02-05 00:49:00,Marketplace,orders_2026_02.csv
ORD000556,2026-02-07 07:32:00,4,32,2,23310.0,0.0,46620.0,46620.0,PromptPay,PAID,2026-02-07 09:10:00,Marketplace,orders_2026_02.csv
ORD000557,2026-02-06 22:59:00,65,25,4,27195.0,0.05,108780.0,103341.0,Credit Card,PAID,2026-02-07 01:48:00,Marketplace,orders_2026_02.csv
ORD000558,2026-02-17 17:23:00,52,34,2,313.95,0.1,627.9,565.11,Credit Card,PAID,2026-02-17 18:58:00,Marketplace,orders_2026_02.csv
ORD000559,2026-02-26 16:49:00,123,28,1,269.1,0.0,269.1,269.1,PromptPay,PAID,2026-02-26 19:06:00,Marketplace,orders_2026_02.csv
ORD000560,2026-02-22 20:33:00,151,5,4,284.05,0.0,1136.2,1136.2,PromptPay,PAID,2026-02-22 22:23:00,Mobile App,orders_2026_02.csv
ORD000561,2026-02-19 10:31:00,5,14,1,940.5,0.1,940.5,846.45,PromptPay,PAID,2026-02-19 11:12:00,Mobile App,orders_2026_02.csv
ORD000562,2026-02-28 19:55:00,74,19,1,4189.5,0.1,4189.5,3770.55,Credit Card,PAID,2026-02-28 19:58:00,Marketplace,orders_2026_02.csv
ORD000563,2026-02-08 03:06:00,125,37,4,23310.0,0.0,93240.0,93240.0,PromptPay,PAID,2026-02-08 06:03:00,Marketplace,orders_2026_02.csv
ORD000564,2026-02-18 21:40:00,147,23,4,299.0,0.0,1196.0,1196.0,Bank Transfer,PAID,2026-02-18 22:15:00,Mobile App,orders_2026_02.csv
ORD000565,2026-02-03 17:43:00,132,29,1,3990.0,0.0,3990.0,3990.0,Credit Card,PAID,2026-02-03 18:29:00,Web,orders_2026_02.csv
ORD000566,2026-02-04 22:02:00,154,20,3,523.95,0.0,1571.85,1571.85,Bank Transfer,PAID,2026-02-05 00:53:00,Marketplace,orders_2026_02.csv
ORD000567,2026-02-09 01:16:00,59,17,3,990.0,0.05,2970.0,2821.5,Credit Card,PAID,2026-02-09 03:19:00,Mobile App,orders_2026_02.csv
ORD000568,2026-02-08 23:09:00,108,8,2,474.05,0.1,948.1,853.29,Credit Card,PAID,2026-02-09 01:35:00,Web,orders_2026_02.csv
ORD000569,2026-02-19 22:57:00,113,10,2,891.0,0.05,1782.0,1692.9,Bank Transfer,PAID,2026-02-19 23:27:00,Marketplace,orders_2026_02.csv
ORD000570,2026-02-01 02:53:00,30,14,1,1039.5,0.0,1039.5,1039.5,PromptPay,PAID,2026-02-01 04:22:00,Marketplace,orders_2026_02.csv
ORD000571,2026-02-10 19:27:00,40,5,1,299.0,0.0,299.0,299.0,Bank Transfer,PAID,2026-02-10 21:38:00,Mobile App,orders_2026_02.csv
ORD000574,2026-02-03 11:10:00,10,22,3,499.0,0.0,1497.0,1497.0,Bank Transfer,PAID,2026-02-03 11:32:00,Mobile App,orders_2026_02.csv
ORD000575,2026-02-22 06:29:00,154,15,3,284.05,0.0,852.15,852.15,Bank Transfer,PAID,2026-02-22 07:41:00,Marketplace,orders_2026_02.csv
ORD000576,2026-02-27 01:43:00,14,3,2,27195.0,0.0,54390.0,54390.0,PromptPay,PAID,2026-02-27 02:04:00,Mobile App,orders_2026_02.csv
ORD000577,2026-02-28 21:05:00,30,20,1,449.1,0.0,449.1,449.1,Bank Transfer,PAID,2026-02-28 22:47:00,Mobile App,orders_2026_02.csv
ORD000578,2026-02-09 03:11:00,39,3,4,23310.0,0.05,93240.0,88578.0,PromptPay,PAID,2026-02-09 05:17:00,Marketplace,orders_2026_02.csv
ORD000579,2026-02-08 06:46:00,86,1,2,269.1,0.0,538.2,538.2,Credit Card,PAID,2026-02-08 08:16:00,Mobile App,orders_2026_02.csv
ORD000580,2026-02-26 23:03:00,110,33,2,11610.0,0.0,23220.0,23220.0,Bank Transfer,PAID,2026-02-26 23:54:00,Web,orders_2026_02.csv
ORD000581,2026-02-19 23:30:00,36,17,2,990.0,0.05,1980.0,1881.0,Credit Card,PAID,2026-02-20 00:05:00,Marketplace,orders_2026_02.csv
ORD000582,2026-02-06 04:51:00,134,16,2,1415.5,0.0,2831.0,2831.0,PromptPay,PAID,2026-02-06 07:43:00,Mobile App,orders_2026_02.csv
ORD000583,2026-02-19 14:04:00,25,32,2,27195.0,0.0,54390.0,54390.0,PromptPay,PAID,2026-02-19 14:16:00,Web,orders_2026_02.csv
ORD000584,2026-02-18 20:32:00,39,27,3,25900.0,0.1,77700.0,69930.0,PromptPay,PAID,2026-02-18 21:27:00,Marketplace,orders_2026_02.csv
ORD000585,2026-02-23 05:34:00,28,28,2,299.0,0.1,598.0,538.2,Bank Transfer,PAID,2026-02-23 06:15:00,Web,orders_2026_02.csv
ORD000586,2026-02-25 15:32:00,133,17,4,891.0,0.0,3564.0,3564.0,PromptPay,PAID,2026-02-25 15:50:00,Mobile App,orders_2026_02.csv
ORD000587,2026-02-27 14:35:00,153,15,1,299.0,0.1,299.0,269.1,Credit Card,PAID,2026-02-27 15:37:00,Mobile App,orders_2026_02.csv
ORD000588,2026-02-10 23:33:00,38,32,1,23310.0,0.0,23310.0,23310.0,PromptPay,PAID,2026-02-11 01:52:00,Mobile App,orders_2026_02.csv
ORD000589,2026-02-28 02:47:00,31,38,1,12255.0,0.0,12255.0,12255.0,Credit Card,PAID,2026-02-28 03:15:00,Mobile App,orders_2026_02.csv
ORD000590,2026-02-27 17:19:00,139,21,1,23310.0,0.0,23310.0,23310.0,Bank Transfer,PAID,2026-02-27 17:53:00,Marketplace,orders_2026_02.csv
ORD000591,2026-02-14 09:53:00,39,17,1,990.0,0.0,990.0,990.0,PromptPay,PAID,2026-02-14 11:09:00,Marketplace,orders_2026_02.csv
ORD000592,2026-02-14 17:35:00,94,11,2,27195.0,0.0,54390.0,54390.0,Bank Transfer,PAID,2026-02-14 17:48:00,Marketplace,orders_2026_02.csv
ORD000593,2026-02-13 02:48:00,110,9,2,299.0,0.0,598.0,598.0,Credit Card,PAID,2026-02-13 05:11:00,Web,orders_2026_02.csv
ORD000594,2026-02-10 13:19:00,101,5,1,299.0,0.0,299.0,299.0,PromptPay,PAID,2026-02-10 13:28:00,Marketplace,orders_2026_02.csv
ORD000596,2026-02-12 21:25:00,25,13,2,474.05,0.05,948.1,900.7,PromptPay,PAID,2026-02-13 00:02:00,Web,orders_2026_02.csv
ORD000597,2026-02-02 14:46:00,91,22,1,499.0,0.05,499.0,474.05,Credit Card,PAID,2026-02-02 16:50:00,Marketplace,orders_2026_02.csv
ORD000598,2026-02-13 05:42:00,82,38,1,13545.0,0.0,13545.0,13545.0,Bank Transfer,PAID,2026-02-13 07:41:00,Marketplace,orders_2026_02.csv
ORD000600,2026-02-22 18:07:00,96,14,2,990.0,0.05,1980.0,1881.0,Credit Card,PAID,2026-02-22 19:47:00,Web,orders_2026_02.csv
ORD000601,2026-02-03 10:36:00,149,37,2,24605.0,0.0,49210.0,49210.0,Credit Card,PAID,2026-02-03 12:47:00,Mobile App,orders_2026_02.csv
ORD000602,2026-02-10 17:55:00,124,25,1,24605.0,0.0,24605.0,24605.0,Credit Card,PAID,2026-02-10 19:16:00,Mobile App,orders_2026_02.csv
ORD000603,2026-02-23 09:04:00,48,27,1,27195.0,0.0,27195.0,27195.0,PromptPay,PAID,2026-02-23 09:59:00,Web,orders_2026_02.csv
ORD000604,2026-02-20 19:17:00,137,25,2,25900.0,0.1,51800.0,46620.0,Credit Card,PAID,2026-02-20 21:46:00,Web,orders_2026_02.csv
ORD000605,2026-02-09 09:07:00,95,1,2,269.1,0.05,538.2,511.29,PromptPay,PAID,2026-02-09 10:44:00,Mobile App,orders_2026_02.csv
ORD000606,2026-02-24 08:24:00,132,39,2,891.0,0.05,1782.0,1692.9,Credit Card,PAID,2026-02-24 11:10:00,Marketplace,orders_2026_02.csv
ORD000608,2026-02-21 21:51:00,82,35,2,27195.0,0.1,54390.0,48951.0,PromptPay,PAID,2026-02-22 00:51:00,Marketplace,orders_2026_02.csv
ORD000609,2026-02-09 00:21:00,122,14,4,1039.5,0.0,4158.0,4158.0,PromptPay,PAID,2026-02-09 02:10:00,Web,orders_2026_02.csv
ORD000610,2026-02-17 22:24:00,141,6,1,299.0,0.05,299.0,284.05,PromptPay,PAID,2026-02-17 23:24:00,Mobile App,orders_2026_02.csv
ORD000611,2026-02-11 09:32:00,63,35,1,25900.0,0.0,25900.0,25900.0,Bank Transfer,PAID,2026-02-11 10:58:00,Mobile App,orders_2026_02.csv
ORD000612,2026-02-14 05:20:00,139,2,1,1341.0,0.0,1341.0,1341.0,Bank Transfer,PAID,2026-02-14 06:02:00,Marketplace,orders_2026_02.csv
ORD000613,2026-02-21 20:52:00,82,13,3,449.1,0.0,1347.3,1347.3,Credit Card,PAID,2026-02-21 21:50:00,Marketplace,orders_2026_02.csv
ORD000615,2026-02-27 07:01:00,136,3,4,24605.0,0.05,98420.0,93499.0,Credit Card,PAID,2026-02-27 08:15:00,Mobile App,orders_2026_02.csv
ORD000616,2026-02-01 10:24:00,144,40,2,3990.0,0.0,7980.0,7980.0,Credit Card,PAID,2026-02-01 10:58:00,Marketplace,orders_2026_02.csv
ORD000617,2026-02-25 15:46:00,8,17,2,891.0,0.1,1782.0,1603.8,PromptPay,PAID,2026-02-25 17:01:00,Marketplace,orders_2026_02.csv
ORD000618,2026-02-24 20:02:00,100,4,1,1415.5,0.0,1415.5,1415.5,Bank Transfer,PAID,2026-02-24 22:35:00,Marketplace,orders_2026_02.csv
ORD000619,2026-02-09 12:09:00,126,12,1,990.0,0.1,990.0,891.0,Bank Transfer,PAID,2026-02-09 14:23:00,Marketplace,orders_2026_02.csv
ORD000620,2026-02-27 03:47:00,20,3,2,27195.0,0.0,54390.0,54390.0,PromptPay,PAID,2026-02-27 04:26:00,Marketplace,orders_2026_02.csv
ORD000622,2026-02-26 00:13:00,100,1,3,299.0,0.0,897.0,897.0,PromptPay,PAID,2026-02-26 03:04:00,Web,orders_2026_02.csv
ORD000623,2026-02-14 06:18:00,151,17,1,940.5,0.0,940.5,940.5,Bank Transfer,PAID,2026-02-14 09:10:00,Web,orders_2026_02.csv
ORD000624,2026-02-11 05:25:00,120,38,1,11610.0,0.0,11610.0,11610.0,PromptPay,PAID,2026-02-11 05:37:00,Web,orders_2026_02.csv
ORD000625,2026-02-10 10:36:00,65,26,2,11610.0,0.05,23220.0,22059.0,PromptPay,PAID,2026-02-10 11:20:00,Web,orders_2026_02.csv
ORD000626,2026-02-17 05:04:00,47,10,3,1039.5,0.05,3118.5,2962.58,Credit Card,PAID,2026-02-17 06:19:00,Mobile App,orders_2026_02.csv
ORD000627,2026-02-15 14:31:00,68,13,1,474.05,0.1,474.05,426.65,Bank Transfer,PAID,2026-02-15 15:42:00,Marketplace,orders_2026_02.csv
ORD000628,2026-02-13 21:25:00,137,10,3,990.0,0.0,2970.0,2970.0,Credit Card,PAID,2026-02-13 22:24:00,Mobile App,orders_2026_02.csv
ORD000629,2026-02-10 18:31:00,86,36,2,284.05,0.0,568.1,568.1,Bank Transfer,PAID,2026-02-10 20:55:00,Mobile App,orders_2026_02.csv
ORD000630,2026-02-06 04:23:00,40,22,3,499.0,0.0,1497.0,1497.0,Credit Card,PAID,2026-02-06 04:47:00,Mobile App,orders_2026_02.csv
ORD000632,2026-02-21 11:31:00,14,4,4,1564.5,0.05,6258.0,5945.1,Credit Card,PAID,2026-02-21 14:12:00,Marketplace,orders_2026_02.csv
ORD000633,2026-02-05 21:07:00,130,14,1,940.5,0.0,940.5,940.5,PromptPay,PAID,2026-02-05 21:19:00,Web,orders_2026_02.csv
ORD000634,2026-02-12 10:16:00,23,25,3,25900.0,0.05,77700.0,73815.0,PromptPay,PAID,2026-02-12 11:16:00,Marketplace,orders_2026_02.csv
ORD000635,2026-02-21 15:49:00,28,6,3,313.95,0.0,941.85,941.85,Bank Transfer,PAID,2026-02-21 17:58:00,Marketplace,orders_2026_02.csv
ORD000636,2026-02-21 07:26:00,71,13,1,499.0,0.1,499.0,449.1,Bank Transfer,PAID,2026-02-21 10:21:00,Web,orders_2026_02.csv
ORD000637,2026-02-04 08:39:00,41,15,1,299.0,0.0,299.0,299.0,Bank Transfer,PAID,2026-02-04 09:15:00,Marketplace,orders_2026_02.csv
ORD000638,2026-02-03 23:38:00,12,12,4,990.0,0.0,3960.0,3960.0,PromptPay,PAID,2026-02-04 01:43:00,Mobile App,orders_2026_02.csv
ORD000639,2026-02-02 17:17:00,17,7,4,27195.0,0.0,108780.0,108780.0,Credit Card,PAID,2026-02-02 17:30:00,Web,orders_2026_02.csv
ORD000640,2026-02-28 14:41:00,27,2,2,1490.0,0.1,2980.0,2682.0,PromptPay,PAID,2026-02-28 17:35:00,Web,orders_2026_02.csv
ORD000641,2026-02-16 20:20:00,86,23,3,269.1,0.0,807.3,807.3,PromptPay,PAID,2026-02-16 21:16:00,Marketplace,orders_2026_02.csv
ORD000642,2026-02-12 09:47:00,47,1,1,269.1,0.05,269.1,255.64,Credit Card,PAID,2026-02-12 10:21:00,Mobile App,orders_2026_02.csv
ORD000643,2026-02-16 00:40:00,87,26,1,12255.0,0.0,12255.0,12255.0,Credit Card,PAID,2026-02-16 00:44:00,Marketplace,orders_2026_02.csv
ORD000644,2026-02-06 08:04:00,112,14,2,990.0,0.1,1980.0,1782.0,Credit Card,PAID,2026-02-06 10:59:00,Web,orders_2026_02.csv
ORD000645,2026-02-27 00:09:00,17,29,2,3990.0,0.05,7980.0,7581.0,Bank Transfer,PAID,2026-02-27 02:28:00,Web,orders_2026_02.csv
ORD000646,2026-02-08 12:53:00,136,1,1,269.1,0.0,269.1,269.1,Bank Transfer,PAID,2026-02-08 13:48:00,Mobile App,orders_2026_02.csv
ORD000647,2026-02-26 20:49:00,71,24,2,313.95,0.05,627.9,596.5,PromptPay,PAID,2026-02-26 23:26:00,Marketplace,orders_2026_02.csv
ORD000648,2026-02-19 14:29:00,78,12,2,990.0,0.0,1980.0,1980.0,Bank Transfer,PAID,2026-02-19 16:30:00,Mobile App,orders_2026_02.csv
ORD000649,2026-02-10 11:21:00,90,1,2,269.1,0.1,538.2,484.38,Credit Card,PAID,2026-02-10 12:17:00,Web,orders_2026_02.csv
ORD000650,2026-02-17 19:43:00,80,3,2,25900.0,0.0,51800.0,51800.0,Bank Transfer,PAID,2026-02-17 21:07:00,Mobile App,orders_2026_02.csv
ORD000651,2026-02-06 13:24:00,104,39,1,940.5,0.1,940.5,846.45,PromptPay,PAID,2026-02-06 13:31:00,Web,orders_2026_02.csv
ORD000652,2026-02-11 02:58:00,34,8,2,499.0,0.0,998.0,998.0,Credit Card,PAID,2026-02-11 03:34:00,Web,orders_2026_02.csv
ORD000653,2026-02-18 19:13:00,120,3,3,27195.0,0.0,81585.0,81585.0,Credit Card,PAID,2026-02-18 21:12:00,Marketplace,orders_2026_02.csv
ORD000655,2026-02-14 06:50:00,85,37,1,25900.0,0.0,25900.0,25900.0,Bank Transfer,PAID,2026-02-14 08:20:00,Web,orders_2026_02.csv
ORD000656,2026-02-26 21:00:00,7,11,4,24605.0,0.0,98420.0,98420.0,Bank Transfer,PAID,2026-02-26 23:17:00,Web,orders_2026_02.csv
ORD000657,2026-02-02 21:06:00,64,33,4,12900.0,0.0,51600.0,51600.0,PromptPay,PAID,2026-02-02 23:18:00,Mobile App,orders_2026_02.csv
ORD000658,2026-02-18 19:31:00,154,8,3,499.0,0.0,1497.0,1497.0,Bank Transfer,PAID,2026-02-18 19:32:00,Web,orders_2026_02.csv
ORD000660,2026-02-01 21:46:00,81,12,2,891.0,0.0,1782.0,1782.0,PromptPay,PAID,2026-02-01 22:31:00,Marketplace,orders_2026_02.csv
ORD000662,2026-02-18 23:53:00,1,31,2,1415.5,0.1,2831.0,2547.9,Bank Transfer,PAID,2026-02-19 00:05:00,Marketplace,orders_2026_02.csv
ORD000663,2026-02-03 04:45:00,98,20,1,449.1,0.05,449.1,426.64,PromptPay,PAID,2026-02-03 07:18:00,Mobile App,orders_2026_02.csv
ORD000664,2026-02-21 00:03:00,54,29,1,4189.5,0.1,4189.5,3770.55,Bank Transfer,PAID,2026-02-21 01:11:00,Marketplace,orders_2026_02.csv
ORD000665,2026-02-14 14:26:00,72,13,4,474.05,0.1,1896.2,1706.58,Bank Transfer,PAID,2026-02-14 15:08:00,Mobile App,orders_2026_02.csv
ORD000666,2026-02-10 02:24:00,11,16,1,1564.5,0.0,1564.5,1564.5,Bank Transfer,PAID,2026-02-10 04:56:00,Marketplace,orders_2026_02.csv
ORD000668,2026-02-07 19:17:00,56,30,1,499.0,0.0,499.0,499.0,Bank Transfer,PAID,2026-02-07 19:23:00,Mobile App,orders_2026_02.csv
ORD000669,2026-02-27 16:22:00,71,18,1,3591.0,0.0,3591.0,3591.0,PromptPay,PAID,2026-02-27 17:20:00,Marketplace,orders_2026_02.csv
ORD000670,2026-02-21 19:23:00,24,32,1,24605.0,0.0,24605.0,24605.0,Credit Card,PAID,2026-02-21 21:38:00,Mobile App,orders_2026_02.csv
ORD000671,2026-02-17 10:22:00,2,19,2,3990.0,0.1,7980.0,7182.0,Bank Transfer,PAID,2026-02-17 13:19:00,Marketplace,orders_2026_02.csv
ORD000672,2026-02-13 21:25:00,92,1,1,269.1,0.1,269.1,242.19,PromptPay,PAID,2026-02-14 00:09:00,Marketplace,orders_2026_02.csv
ORD000673,2026-02-25 00:45:00,41,29,1,3990.0,0.0,3990.0,3990.0,PromptPay,PAID,2026-02-25 02:48:00,Mobile App,orders_2026_02.csv
ORD000674,2026-02-09 10:08:00,57,13,3,449.1,0.05,1347.3,1279.94,Credit Card,PAID,2026-02-09 12:19:00,Marketplace,orders_2026_02.csv
ORD000675,2026-02-09 12:58:00,116,25,1,25900.0,0.05,25900.0,24605.0,Bank Transfer,PAID,2026-02-09 13:57:00,Web,orders_2026_02.csv
ORD000676,2026-02-15 08:26:00,137,28,2,284.05,0.0,568.1,568.1,Bank Transfer,PAID,2026-02-15 08:44:00,Marketplace,orders_2026_02.csv
ORD000677,2026-02-22 18:44:00,2,18,2,3790.5,0.0,7581.0,7581.0,Bank Transfer,PAID,2026-02-22 18:47:00,Marketplace,orders_2026_02.csv
ORD000678,2026-02-13 15:53:00,98,22,1,499.0,0.0,499.0,499.0,Credit Card,PAID,2026-02-13 18:51:00,Marketplace,orders_2026_02.csv
ORD000679,2026-02-02 07:10:00,140,36,2,269.1,0.0,538.2,538.2,PromptPay,PAID,2026-02-02 07:29:00,Marketplace,orders_2026_02.csv
ORD000680,2026-02-24 19:32:00,96,3,1,25900.0,0.0,25900.0,25900.0,PromptPay,PAID,2026-02-24 21:25:00,Marketplace,orders_2026_02.csv
ORD000682,2026-02-09 05:17:00,21,20,4,474.05,0.05,1896.2,1801.39,Credit Card,PAID,2026-02-09 07:25:00,Web,orders_2026_02.csv
ORD000683,2026-02-13 15:47:00,101,4,1,1490.0,0.0,1490.0,1490.0,Credit Card,PAID,2026-02-13 17:36:00,Marketplace,orders_2026_02.csv
ORD000684,2026-02-02 09:17:00,106,2,1,1490.0,0.0,1490.0,1490.0,Bank Transfer,PAID,2026-02-02 11:30:00,Web,orders_2026_02.csv
ORD000685,2026-02-13 10:36:00,92,10,1,940.5,0.0,940.5,940.5,PromptPay,PAID,2026-02-13 13:32:00,Mobile App,orders_2026_02.csv
ORD000686,2026-02-20 03:36:00,121,26,4,12900.0,0.0,51600.0,51600.0,PromptPay,PAID,2026-02-20 04:25:00,Marketplace,orders_2026_02.csv
ORD000687,2026-02-05 06:30:00,1,26,1,13545.0,0.0,13545.0,13545.0,Credit Card,PAID,2026-02-05 06:53:00,Web,orders_2026_02.csv
ORD000688,2026-02-08 15:59:00,131,16,1,1490.0,0.1,1490.0,1341.0,Credit Card,PAID,2026-02-08 16:25:00,Marketplace,orders_2026_02.csv
ORD000689,2026-02-02 18:44:00,104,22,4,449.1,0.0,1796.4,1796.4,Credit Card,PAID,2026-02-02 19:22:00,Web,orders_2026_02.csv
ORD000690,2026-02-21 07:13:00,93,35,2,24605.0,0.0,49210.0,49210.0,Bank Transfer,PAID,2026-02-21 09:01:00,Mobile App,orders_2026_02.csv
ORD000691,2026-02-14 20:23:00,152,22,1,499.0,0.1,499.0,449.1,PromptPay,PAID,2026-02-14 21:02:00,Web,orders_2026_02.csv
ORD000692,2026-02-13 12:15:00,124,8,1,499.0,0.0,499.0,499.0,Bank Transfer,PAID,2026-02-13 12:59:00,Mobile App,orders_2026_02.csv
ORD000693,2026-02-16 18:58:00,71,24,2,313.95,0.0,627.9,627.9,Bank Transfer,PAID,2026-02-16 20:43:00,Marketplace,orders_2026_02.csv
ORD000694,2026-02-19 11:27:00,102,25,3,23310.0,0.0,69930.0,69930.0,Bank Transfer,PAID,2026-02-19 14:01:00,Web,orders_2026_02.csv
ORD000695,2026-02-26 01:31:00,32,36,2,284.05,0.0,568.1,568.1,PromptPay,PAID,2026-02-26 04:05:00,Web,orders_2026_02.csv
ORD000696,2026-02-04 06:18:00,134,16,1,1415.5,0.05,1415.5,1344.72,PromptPay,PAID,2026-02-04 07:21:00,Mobile App,orders_2026_02.csv
ORD000697,2026-02-25 13:43:00,31,30,4,523.95,0.05,2095.8,1991.01,Bank Transfer,PAID,2026-02-25 15:42:00,Web,orders_2026_02.csv
ORD000698,2026-02-16 10:04:00,89,24,4,269.1,0.1,1076.4,968.76,Credit Card,PAID,2026-02-16 11:36:00,Web,orders_2026_02.csv
ORD000699,2026-02-22 10:52:00,86,12,3,891.0,0.0,2673.0,2673.0,Credit Card,PAID,2026-02-22 11:25:00,Mobile App,orders_2026_02.csv
ORD000702,2026-02-18 09:00:00,45,27,1,23310.0,0.05,23310.0,22144.5,Bank Transfer,PAID,2026-02-18 09:33:00,Mobile App,orders_2026_02.csv
ORD000703,2026-02-23 17:10:00,128,7,2,23310.0,0.0,46620.0,46620.0,PromptPay,PAID,2026-02-23 19:02:00,Marketplace,orders_2026_02.csv
ORD000704,2026-02-25 10:21:00,56,29,2,3790.5,0.0,7581.0,7581.0,PromptPay,PAID,2026-02-25 11:15:00,Marketplace,orders_2026_02.csv
ORD000706,2026-02-24 16:43:00,122,15,3,313.95,0.1,941.85,847.66,Bank Transfer,PAID,2026-02-24 17:19:00,Mobile App,orders_2026_02.csv
ORD000707,2026-02-08 09:26:00,48,32,1,23310.0,0.1,23310.0,20979.0,PromptPay,PAID,2026-02-08 12:10:00,Web,orders_2026_02.csv
ORD000708,2026-02-02 20:37:00,36,13,4,499.0,0.0,1996.0,1996.0,PromptPay,PAID,2026-02-02 22:51:00,Mobile App,orders_2026_02.csv
ORD000709,2026-02-18 10:54:00,119,11,4,24605.0,0.1,98420.0,88578.0,PromptPay,PAID,2026-02-18 11:51:00,Web,orders_2026_02.csv
ORD000710,2026-02-04 05:58:00,32,13,2,523.95,0.0,1047.9,1047.9,PromptPay,PAID,2026-02-04 07:11:00,Web,orders_2026_02.csv
ORD000711,2026-02-05 05:48:00,2,9,3,313.95,0.0,941.85,941.85,Credit Card,PAID,2026-02-05 08:36:00,Marketplace,orders_2026_02.csv
ORD000712,2026-02-27 12:33:00,81,29,2,3990.0,0.1,7980.0,7182.0,Bank Transfer,PAID,2026-02-27 14:34:00,Marketplace,orders_2026_02.csv
ORD000713,2026-02-18 09:46:00,35,30,2,499.0,0.1,998.0,898.2,PromptPay,PAID,2026-02-18 11:38:00,Marketplace,orders_2026_02.csv
ORD000715,2026-02-24 12:52:00,150,23,1,313.95,0.0,313.95,313.95,Credit Card,PAID,2026-02-24 14:54:00,Web,orders_2026_02.csv
ORD000716,2026-02-19 23:59:00,50,1,1,299.0,0.05,299.0,284.05,Bank Transfer,PAID,2026-02-20 00:10:00,Mobile App,orders_2026_02.csv
ORD000717,2026-02-08 11:06:00,115,32,4,25900.0,0.05,103600.0,98420.0,Bank Transfer,PAID,2026-02-08 12:25:00,Marketplace,orders_2026_02.csv
ORD000718,2026-02-20 02:41:00,11,12,1,940.5,0.0,940.5,940.5,Credit Card,PAID,2026-02-20 04:48:00,Marketplace,orders_2026_02.csv
ORD000719,2026-02-06 13:15:00,158,39,1,940.5,0.0,940.5,940.5,Bank Transfer,PAID,2026-02-06 15:41:00,Mobile App,orders_2026_02.csv
ORD000720,2026-02-23 23:02:00,57,39,4,940.5,0.0,3762.0,3762.0,Credit Card,PAID,2026-02-24 00:28:00,Web,orders_2026_02.csv
ORD000721,2026-02-09 12:51:00,32,10,3,990.0,0.0,2970.0,2970.0,Credit Card,PAID,2026-02-09 14:42:00,Web,orders_2026_02.csv
ORD000722,2026-02-04 10:53:00,35,19,1,4189.5,0.0,4189.5,4189.5,Credit Card,PAID,2026-02-04 11:07:00,Mobile App,orders_2026_02.csv
ORD000723,2026-02-16 16:06:00,112,6,2,284.05,0.0,568.1,568.1,PromptPay,PAID,2026-02-16 18:26:00,Mobile App,orders_2026_02.csv
ORD000724,2026-02-12 23:57:00,43,18,1,3990.0,0.0,3990.0,3990.0,Bank Transfer,PAID,2026-02-13 02:17:00,Web,orders_2026_02.csv
ORD000725,2026-02-24 12:26:00,78,20,1,499.0,0.0,499.0,499.0,Credit Card,PAID,2026-02-24 12:33:00,Web,orders_2026_02.csv
ORD000726,2026-02-15 13:06:00,62,36,1,313.95,0.0,313.95,313.95,PromptPay,PAID,2026-02-15 14:11:00,Mobile App,orders_2026_02.csv
ORD000728,2026-02-11 00:52:00,111,10,2,940.5,0.05,1881.0,1786.95,Bank Transfer,PAID,2026-02-11 01:12:00,Web,orders_2026_02.csv
ORD000729,2026-02-16 22:43:00,64,40,3,3591.0,0.05,10773.0,10234.35,PromptPay,PAID,2026-02-17 01:19:00,Mobile App,orders_2026_02.csv
ORD000730,2026-02-22 02:03:00,42,10,1,990.0,0.0,990.0,990.0,Bank Transfer,PAID,2026-02-22 04:14:00,Web,orders_2026_02.csv
ORD000731,2026-02-20 20:06:00,156,7,1,23310.0,0.0,23310.0,23310.0,PromptPay,PAID,2026-02-20 21:21:00,Mobile App,orders_2026_02.csv
ORD000732,2026-02-22 09:06:00,19,21,2,25900.0,0.0,51800.0,51800.0,Credit Card,PAID,2026-02-22 10:46:00,Mobile App,orders_2026_02.csv
ORD000733,2026-02-20 07:18:00,30,22,2,499.0,0.0,998.0,998.0,PromptPay,PAID,2026-02-20 09:18:00,Marketplace,orders_2026_02.csv
ORD000735,2026-02-16 16:19:00,92,32,1,25900.0,0.0,25900.0,25900.0,Credit Card,PAID,2026-02-16 17:19:00,Web,orders_2026_02.csv
ORD000736,2026-02-27 17:04:00,22,3,1,25900.0,0.1,25900.0,23310.0,Bank Transfer,PAID,2026-02-27 18:57:00,Mobile App,orders_2026_02.csv
ORD000737,2026-02-25 13:07:00,3,32,1,25900.0,0.0,25900.0,25900.0,Credit Card,PAID,2026-02-25 13:39:00,Web,orders_2026_02.csv
ORD000738,2026-02-10 06:24:00,105,24,2,313.95,0.05,627.9,596.5,Bank Transfer,PAID,2026-02-10 07:53:00,Mobile App,orders_2026_02.csv
ORD000739,2026-02-10 10:59:00,114,35,2,27195.0,0.0,54390.0,54390.0,Credit Card,PAID,2026-02-10 13:35:00,Marketplace,orders_2026_02.csv
ORD000740,2026-02-08 18:37:00,12,15,2,284.05,0.05,568.1,539.7,Bank Transfer,PAID,2026-02-08 18:49:00,Marketplace,orders_2026_02.csv
ORD000741,2026-02-19 02:17:00,145,24,2,313.95,0.0,627.9,627.9,PromptPay,PAID,2026-02-19 05:03:00,Marketplace,orders_2026_02.csv
ORD000743,2026-02-14 15:45:00,41,5,1,299.0,0.05,299.0,284.05,PromptPay,PAID,2026-02-14 17:19:00,Marketplace,orders_2026_02.csv
ORD000744,2026-02-26 07:55:00,148,26,1,12255.0,0.0,12255.0,12255.0,PromptPay,PAID,2026-02-26 10:43:00,Mobile App,orders_2026_02.csv
ORD000745,2026-02-13 18:44:00,45,37,2,25900.0,0.0,51800.0,51800.0,Credit Card,PAID,2026-02-13 20:55:00,Mobile App,orders_2026_02.csv
ORD000746,2026-02-24 06:03:00,148,11,1,27195.0,0.0,27195.0,27195.0,Bank Transfer,PAID,2026-02-24 07:16:00,Marketplace,orders_2026_02.csv
ORD000747,2026-02-25 20:17:00,147,35,4,25900.0,0.05,103600.0,98420.0,PromptPay,PAID,2026-02-25 20:28:00,Web,orders_2026_02.csv
ORD000748,2026-02-16 22:38:00,150,3,4,25900.0,0.05,103600.0,98420.0,Credit Card,PAID,2026-02-17 00:27:00,Mobile App,orders_2026_02.csv
ORD000749,2026-02-27 04:04:00,148,24,2,269.1,0.05,538.2,511.29,PromptPay,PAID,2026-02-27 06:12:00,Marketplace,orders_2026_02.csv
ORD000750,2026-02-17 15:20:00,115,2,4,1490.0,0.0,5960.0,5960.0,Credit Card,PAID,2026-02-17 17:50:00,Web,orders_2026_02.csv
