reason_code,stage,order_id,order_date,customer_id,product_id,quantity,unit_price,discount,channel,source_file,full_name,email,province,signup_date,_merge_customer,product_name,category,standard_price,active_flag,_merge_product,payment_method,payment_status,paid_at,_merge_payment
DUPLICATE_ORDER_ID,5.3 dedup orders,ORD000056,2026-01-07 05:17:00,C0083,P017,1,990.0,0.0,Web,orders_2026_01.csv,,,,,,,,,,,,,,
DUPLICATE_ORDER_ID,5.3 dedup orders,ORD000416,2026-02-06 05:45:00,C0109,P023,2,299.0,0.0,Mobile App,orders_2026_02.csv,,,,,,,,,,,,,,
MISSING_UNIT_PRICE,5.5 business rules,ORD000044,2026-01-24 20:02:00,C0126,P022,2,,0.05,Mobile App,orders_2026_01.csv,ลูกค้า 126,customer126@example.com,เชียงใหม่,2025-03-31,both,Accessory Model 22,Accessory,499.0,Y,both,Credit Card,PAID,2026-01-24 22:43:00,both
MISSING_UNIT_PRICE,5.5 business rules,ORD000404,2026-02-11 18:58:00,C0100,P009,1,,0.1,Marketplace,orders_2026_02.csv,ลูกค้า 100,customer100@example.com,กรุงเทพมหานคร,2025-04-14,both,Notebook Model 09,Notebook,299.0,Y,both,Credit Card,PAID,2026-02-11 19:53:00,both
QTY_NOT_POSITIVE,5.5 business rules,ORD000008,2026-01-12 16:02:00,C0060,P013,-1,523.95,0.05,Mobile App,orders_2026_01.csv,ลูกค้า 060,customer060@example.com,ภูเก็ต,2024-10-25,both,Smart Home Model 13,Smart Home,499.0,Y,both,Bank Transfer,PAID,2026-01-12 18:05:00,both
QTY_NOT_POSITIVE,5.5 business rules,ORD000368,2026-02-12 17:59:00,C0095,P026,-1,12900.0,0.0,Web,orders_2026_02.csv,ลูกค้า 095,customer095@example.com,ระยอง,2024-09-29,both,Smart Home Model 26,Smart Home,12900.0,Y,both,PromptPay,FAILED,2026-02-12 19:46:00,both
CUSTOMER_NOT_IN_MASTER,5.5 referential integrity,ORD000009,2026-01-16 04:12:00,C0162,P017,1,990.0,0.05,Web,orders_2026_01.csv,,,,,left_only,Smartphone Model 17,Smartphone,990.0,Y,both,Bank Transfer,PAID,2026-01-16 05:42:00,both
CUSTOMER_NOT_IN_MASTER,5.5 referential integrity,ORD000029,2026-01-09 18:23:00,C0161,P028,1,269.1,0.1,Marketplace,orders_2026_01.csv,,,,,left_only,Smartphone Model 28,Smartphone,299.0,Y,both,Bank Transfer,PAID,2026-01-09 18:39:00,both
CUSTOMER_NOT_IN_MASTER,5.5 referential integrity,ORD000033,2026-01-13 17:23:00,C0164,P032,1,23310.0,0.05,Web,orders_2026_01.csv,,,,,left_only,Notebook Model 32,Notebook,25900.0,Y,both,PromptPay,FAILED,2026-01-13 18:51:00,both
CUSTOMER_NOT_IN_MASTER,5.5 referential integrity,ORD000066,2026-01-25 12:56:00,C0162,P039,2,990.0,0.0,Web,orders_2026_01.csv,,,,,left_only,Notebook Model 39,Notebook,990.0,N,both,Bank Transfer,PAID,2026-01-25 13:07:00,both
CUSTOMER_NOT_IN_MASTER,5.5 referential integrity,ORD000076,2026-01-08 10:52:00,C0163,P033,1,11610.0,0.1,Marketplace,orders_2026_01.csv,,,,,left_only,Smart Home Model 33,Smart Home,12900.0,Y,both,Credit Card,PAID,2026-01-08 10:57:00,both
CUSTOMER_NOT_IN_MASTER,5.5 referential integrity,ORD000144,2026-01-24 18:59:00,C0165,P036,2,284.05,0.0,Web,orders_2026_01.csv,,,,,left_only,Notebook Model 36,Notebook,299.0,Y,both,Credit Card,PAID,2026-01-24 19:13:00,both
CUSTOMER_NOT_IN_MASTER,5.5 referential integrity,ORD000189,2026-01-09 07:30:00,C0165,P008,2,523.95,0.1,Marketplace,orders_2026_01.csv,,,,,left_only,Accessory Model 08,Accessory,499.0,Y,both,PromptPay,PAID,2026-01-09 07:43:00,both
CUSTOMER_NOT_IN_MASTER,5.5 referential integrity,ORD000199,2026-01-21 10:46:00,C0161,P010,2,891.0,0.0,Mobile App,orders_2026_01.csv,,,,,left_only,Smart Home Model 10,Smart Home,990.0,Y,both,PromptPay,PAID,2026-01-21 12:28:00,both
CUSTOMER_NOT_IN_MASTER,5.5 referential integrity,ORD000267,2026-01-04 08:54:00,C0164,P023,4,284.05,0.0,Marketplace,orders_2026_01.csv,,,,,left_only,Accessory Model 23,Accessory,299.0,Y,both,Bank Transfer,PAID,2026-01-04 10:20:00,both
CUSTOMER_NOT_IN_MASTER,5.5 referential integrity,ORD000276,2026-01-17 00:45:00,C0163,P013,1,523.95,0.1,Marketplace,orders_2026_01.csv,,,,,left_only,Smart Home Model 13,Smart Home,499.0,Y,both,Bank Transfer,PAID,2026-01-17 02:25:00,both
CUSTOMER_NOT_IN_MASTER,5.5 referential integrity,ORD000367,2026-02-10 16:53:00,C0161,P040,3,4189.5,0.05,Marketplace,orders_2026_02.csv,,,,,left_only,Accessory Model 40,Accessory,3990.0,N,both,Bank Transfer,PAID,2026-02-10 18:47:00,both
CUSTOMER_NOT_IN_MASTER,5.5 referential integrity,ORD000410,2026-02-19 17:45:00,C0162,P004,3,1490.0,0.0,Mobile App,orders_2026_02.csv,,,,,left_only,Smart Home Model 04,Smart Home,1490.0,Y,both,Credit Card,PAID,2026-02-19 20:14:00,both
CUSTOMER_NOT_IN_MASTER,5.5 referential integrity,ORD000457,2026-02-10 13:06:00,C0164,P032,1,25900.0,0.1,Marketplace,orders_2026_02.csv,,,,,left_only,Notebook Model 32,Notebook,25900.0,Y,both,PromptPay,PAID,2026-02-10 13:18:00,both
CUSTOMER_NOT_IN_MASTER,5.5 referential integrity,ORD000464,2026-02-21 08:29:00,C0161,P017,1,1039.5,0.1,Web,orders_2026_02.csv,,,,,left_only,Smartphone Model 17,Smartphone,990.0,Y,both,PromptPay,PAID,2026-02-21 09:32:00,both
CUSTOMER_NOT_IN_MASTER,5.5 referential integrity,ORD000509,2026-02-18 03:24:00,C0162,P029,4,3591.0,0.0,Marketplace,orders_2026_02.csv,,,,,left_only,Notebook Model 29,Notebook,3990.0,Y,both,PromptPay,PAID,2026-02-18 04:13:00,both
CUSTOMER_NOT_IN_MASTER,5.5 referential integrity,ORD000550,2026-02-13 15:12:00,C0164,P017,1,990.0,0.0,Mobile App,orders_2026_02.csv,,,,,left_only,Smartphone Model 17,Smartphone,990.0,Y,both,Credit Card,PAID,2026-02-13 16:08:00,both
CUSTOMER_NOT_IN_MASTER,5.5 referential integrity,ORD000572,2026-02-04 19:41:00,C0163,P020,2,499.0,0.05,Web,orders_2026_02.csv,,,,,left_only,Smart Home Model 20,Smart Home,499.0,Y,both,PromptPay,PAID,2026-02-04 21:06:00,both
CUSTOMER_NOT_IN_MASTER,5.5 referential integrity,ORD000614,2026-02-01 21:40:00,C0163,P035,2,25900.0,0.05,Marketplace,orders_2026_02.csv,,,,,left_only,Accessory Model 35,Accessory,25900.0,Y,both,Bank Transfer,PAID,2026-02-01 22:26:00,both
CUSTOMER_NOT_IN_MASTER,5.5 referential integrity,ORD000659,2026-02-04 22:21:00,C0165,P033,2,11610.0,0.0,Marketplace,orders_2026_02.csv,,,,,left_only,Smart Home Model 33,Smart Home,12900.0,Y,both,PromptPay,PAID,2026-02-05 00:50:00,both
CUSTOMER_NOT_IN_MASTER,5.5 referential integrity,ORD000661,2026-02-17 12:59:00,C0161,P024,1,313.95,0.0,Marketplace,orders_2026_02.csv,,,,,left_only,Accessory Model 24,Accessory,299.0,Y,both,Bank Transfer,PAID,2026-02-17 13:48:00,both
CUSTOMER_NOT_IN_MASTER,5.5 referential integrity,ORD000667,2026-02-15 06:14:00,C0162,P010,3,940.5,0.05,Marketplace,orders_2026_02.csv,,,,,left_only,Smart Home Model 10,Smart Home,990.0,Y,both,PromptPay,PAID,2026-02-15 07:42:00,both
CUSTOMER_NOT_IN_MASTER,5.5 referential integrity,ORD000734,2026-02-06 18:28:00,C0165,P035,1,25900.0,0.05,Mobile App,orders_2026_02.csv,,,,,left_only,Accessory Model 35,Accessory,25900.0,Y,both,PromptPay,PAID,2026-02-06 21:19:00,both
PRODUCT_NOT_IN_MASTER,5.5 referential integrity,ORD000022,2026-01-15 07:54:00,C0049,P999,2,499.0,0.0,Marketplace,orders_2026_01.csv,ลูกค้า 049,customer049@example.com,ระยอง,2025-10-04,both,,,,,left_only,Credit Card,PAID,2026-01-15 10:27:00,both
PRODUCT_NOT_IN_MASTER,5.5 referential integrity,ORD000382,2026-02-09 09:31:00,C0155,P999,3,4189.5,0.05,Web,orders_2026_02.csv,ลูกค้า 155,customer155@example.com,เชียงใหม่,2025-01-16,both,,,,,left_only,Credit Card,PAID,2026-02-09 12:08:00,both
PAYMENT_NOT_PAID,5.5 payment,ORD000023,2026-01-10 02:59:00,C0071,P034,1,299.0,0.1,Web,orders_2026_01.csv,ลูกค้า 071,customer071@example.com,ชลบุรี,2024-03-26,both,Accessory Model 34,Accessory,299.0,Y,both,Bank Transfer,FAILED,2026-01-10 03:29:00,both
PAYMENT_NOT_PAID,5.5 payment,ORD000093,2026-01-17 23:56:00,C0160,P013,2,523.95,0.05,Web,orders_2026_01.csv,ลูกค้า 160,customer160@example.com,กรุงเทพมหานคร,2025-09-19,both,Smart Home Model 13,Smart Home,499.0,Y,both,PromptPay,FAILED,2026-01-18 00:27:00,both
PAYMENT_NOT_PAID,5.5 payment,ORD000101,2026-01-20 04:47:00,C0093,P034,1,284.05,0.0,Web,orders_2026_01.csv,ลูกค้า 093,customer093@example.com,ภูเก็ต,2025-08-13,both,Accessory Model 34,Accessory,299.0,Y,both,Bank Transfer,FAILED,2026-01-20 05:56:00,both
PAYMENT_NOT_PAID,5.5 payment,ORD000106,2026-01-07 13:52:00,C0157,P008,4,474.05,0.1,Marketplace,orders_2026_01.csv,ลูกค้า 157,customer157@example.com,ระยอง,2025-10-29,both,Accessory Model 08,Accessory,499.0,Y,both,PromptPay,REFUNDED,2026-01-07 15:10:00,both
PAYMENT_NOT_PAID,5.5 payment,ORD000112,2026-01-18 09:59:00,C0097,P034,2,313.95,0.05,Web,orders_2026_01.csv,ลูกค้า 097,customer097@example.com,เชียงใหม่,2024-03-11,both,Accessory Model 34,Accessory,299.0,Y,both,Bank Transfer,FAILED,2026-01-18 11:54:00,both
PAYMENT_NOT_PAID,5.5 payment,ORD000121,2026-01-05 17:34:00,C0052,P006,1,313.95,0.0,Web,orders_2026_01.csv,ลูกค้า 052,customer052@example.com,ระยอง,2025-10-20,both,Accessory Model 06,Accessory,299.0,Y,both,Credit Card,REFUNDED,2026-01-05 19:17:00,both
PAYMENT_NOT_PAID,5.5 payment,ORD000130,2026-01-07 01:39:00,C0067,P006,2,299.0,0.05,Web,orders_2026_01.csv,ลูกค้า 067,customer067@example.com,ชลบุรี,2024-08-13,both,Accessory Model 06,Accessory,299.0,Y,both,Credit Card,FAILED,2026-01-07 03:56:00,both
PAYMENT_NOT_PAID,5.5 payment,ORD000142,2026-01-08 05:30:00,C0127,P010,2,891.0,0.0,Web,orders_2026_01.csv,ลูกค้า 127,customer127@example.com,ภูเก็ต,2025-05-16,both,Smart Home Model 10,Smart Home,990.0,Y,both,Bank Transfer,FAILED,2026-01-08 06:50:00,both
PAYMENT_NOT_PAID,5.5 payment,ORD000148,2026-01-16 20:05:00,C0121,P040,1,3591.0,0.05,Mobile App,orders_2026_01.csv,ลูกค้า 121,customer121@example.com,กรุงเทพมหานคร,2025-08-26,both,Accessory Model 40,Accessory,3990.0,N,both,Credit Card,FAILED,2026-01-16 22:33:00,both
PAYMENT_NOT_PAID,5.5 payment,ORD000167,2026-01-04 15:26:00,C0151,P006,1,284.05,0.1,Web,orders_2026_01.csv,ลูกค้า 151,customer151@example.com,ชลบุรี,2024-10-15,both,Accessory Model 06,Accessory,299.0,Y,both,Credit Card,FAILED,2026-01-04 16:32:00,both
PAYMENT_NOT_PAID,5.5 payment,ORD000179,2026-01-22 06:53:00,C0147,P012,4,940.5,0.05,Marketplace,orders_2026_01.csv,ลูกค้า 147,customer147@example.com,ชลบุรี,2024-08-13,both,Accessory Model 12,Accessory,990.0,Y,both,Credit Card,FAILED,2026-01-22 08:18:00,both
PAYMENT_NOT_PAID,5.5 payment,ORD000186,2026-01-11 06:19:00,C0077,P003,1,27195.0,0.0,Marketplace,orders_2026_01.csv,ลูกค้า 077,customer077@example.com,เชียงใหม่,2024-10-22,both,Smartphone Model 03,Smartphone,25900.0,Y,both,Bank Transfer,FAILED,2026-01-11 06:27:00,both
PAYMENT_NOT_PAID,5.5 payment,ORD000205,2026-01-17 13:52:00,C0160,P030,4,499.0,0.05,Web,orders_2026_01.csv,ลูกค้า 160,customer160@example.com,กรุงเทพมหานคร,2025-09-19,both,Smartphone Model 30,Smartphone,499.0,Y,both,Credit Card,FAILED,2026-01-17 15:25:00,both
PAYMENT_NOT_PAID,5.5 payment,ORD000217,2026-01-16 22:43:00,C0081,P028,1,284.05,0.05,Mobile App,orders_2026_01.csv,ลูกค้า 081,customer081@example.com,ขอนแก่น,2025-02-21,both,Smartphone Model 28,Smartphone,299.0,Y,both,PromptPay,REFUNDED,2026-01-17 00:44:00,both
PAYMENT_NOT_PAID,5.5 payment,ORD000256,2026-01-07 08:04:00,C0056,P024,4,299.0,0.0,Mobile App,orders_2026_01.csv,ลูกค้า 056,customer056@example.com,เชียงใหม่,2024-02-21,both,Accessory Model 24,Accessory,299.0,Y,both,PromptPay,FAILED,2026-01-07 09:10:00,both
PAYMENT_NOT_PAID,5.5 payment,ORD000262,2026-01-24 01:10:00,C0049,P013,2,499.0,0.0,Marketplace,orders_2026_01.csv,ลูกค้า 049,customer049@example.com,ระยอง,2025-10-04,both,Smart Home Model 13,Smart Home,499.0,Y,both,PromptPay,FAILED,2026-01-24 01:14:00,both
PAYMENT_NOT_PAID,5.5 payment,ORD000266,2026-01-23 00:34:00,C0010,P037,2,24605.0,0.1,Mobile App,orders_2026_01.csv,ลูกค้า 010,customer010@example.com,ชลบุรี,2024-02-04,both,Smart Home Model 37,Smart Home,25900.0,Y,both,Credit Card,REFUNDED,2026-01-23 02:58:00,both
PAYMENT_NOT_PAID,5.5 payment,ORD000285,2026-01-02 15:23:00,C0094,P025,2,27195.0,0.05,Mobile App,orders_2026_01.csv,ลูกค้า 094,customer094@example.com,ขอนแก่น,2025-04-07,both,Accessory Model 25,Accessory,25900.0,Y,both,Bank Transfer,FAILED,2026-01-02 17:43:00,both
PAYMENT_NOT_PAID,5.5 payment,ORD000294,2026-01-08 14:54:00,C0109,P007,1,27195.0,0.05,Mobile App,orders_2026_01.csv,ลูกค้า 109,customer109@example.com,กรุงเทพมหานคร,2025-01-07,both,Notebook Model 07,Notebook,25900.0,Y,both,Credit Card,FAILED,2026-01-08 16:03:00,both
PAYMENT_NOT_PAID,5.5 payment,ORD000310,2026-01-13 04:56:00,C0029,P026,1,12900.0,0.0,Mobile App,orders_2026_01.csv,ลูกค้า 029,,ขอนแก่น,2025-05-28,both,Smart Home Model 26,Smart Home,12900.0,Y,both,Credit Card,FAILED,2026-01-13 07:45:00,both
PAYMENT_NOT_PAID,5.5 payment,ORD000313,2026-01-18 16:23:00,C0088,P025,4,23310.0,0.0,Marketplace,orders_2026_01.csv,ลูกค้า 088,customer088@example.com,ภูเก็ต,2024-03-14,both,Accessory Model 25,Accessory,25900.0,Y,both,PromptPay,FAILED,2026-01-18 18:36:00,both
PAYMENT_NOT_PAID,5.5 payment,ORD000314,2026-01-01 06:01:00,C0027,P022,1,449.1,0.05,Web,orders_2026_01.csv,ลูกค้า 027,customer027@example.com,กรุงเทพมหานคร,2024-09-15,both,Accessory Model 22,Accessory,499.0,Y,both,Bank Transfer,FAILED,2026-01-01 07:10:00,both
PAYMENT_NOT_PAID,5.5 payment,ORD000322,2026-01-21 08:25:00,C0111,P036,1,284.05,0.0,Web,orders_2026_01.csv,ลูกค้า 111,customer111@example.com,ขอนแก่น,2025-03-30,both,Notebook Model 36,Notebook,299.0,Y,both,Credit Card,FAILED,2026-01-21 09:29:00,both
PAYMENT_NOT_PAID,5.5 payment,ORD000326,2026-01-26 10:56:00,C0100,P008,2,449.1,0.0,Mobile App,orders_2026_01.csv,ลูกค้า 100,customer100@example.com,กรุงเทพมหานคร,2025-04-14,both,Accessory Model 08,Accessory,499.0,Y,both,Bank Transfer,REFUNDED,2026-01-26 11:27:00,both
PAYMENT_NOT_PAID,5.5 payment,ORD000347,2026-01-02 23:31:00,C0145,P037,1,25900.0,0.0,Mobile App,orders_2026_01.csv,ลูกค้า 145,,ภูเก็ต,2024-06-01,both,Smart Home Model 37,Smart Home,25900.0,Y,both,Credit Card,REFUNDED,2026-01-03 02:03:00,both
PAYMENT_NOT_PAID,5.5 payment,ORD000383,2026-02-11 01:20:00,C0022,P026,4,12255.0,0.0,Marketplace,orders_2026_02.csv,ลูกค้า 022,customer022@example.com,กรุงเทพมหานคร,2025-07-21,both,Smart Home Model 26,Smart Home,12900.0,Y,both,Bank Transfer,REFUNDED,2026-02-11 01:31:00,both
PAYMENT_NOT_PAID,5.5 payment,ORD000386,2026-02-20 14:00:00,C0156,P016,1,1341.0,0.1,Web,orders_2026_02.csv,ลูกค้า 156,customer156@example.com,กรุงเทพมหานคร,2024-07-31,both,Accessory Model 16,Accessory,1490.0,Y,both,Bank Transfer,FAILED,2026-02-20 14:51:00,both
PAYMENT_NOT_PAID,5.5 payment,ORD000393,2026-02-08 21:28:00,C0075,P022,1,449.1,0.0,Marketplace,orders_2026_02.csv,ลูกค้า 075,customer075@example.com,ระยอง,2025-10-27,both,Accessory Model 22,Accessory,499.0,Y,both,Credit Card,FAILED,2026-02-09 00:05:00,both
PAYMENT_NOT_PAID,5.5 payment,ORD000396,2026-02-13 07:26:00,C0019,P026,3,12900.0,0.1,Marketplace,orders_2026_02.csv,ลูกค้า 019,customer019@example.com,ระยอง,2025-01-23,both,Smart Home Model 26,Smart Home,12900.0,Y,both,Credit Card,FAILED,2026-02-13 08:27:00,both
PAYMENT_NOT_PAID,5.5 payment,ORD000399,2026-02-12 11:47:00,C0102,P026,2,12900.0,0.0,Mobile App,orders_2026_02.csv,ลูกค้า 102,customer102@example.com,ระยอง,2025-09-03,both,Smart Home Model 26,Smart Home,12900.0,Y,both,Bank Transfer,FAILED,2026-02-12 12:21:00,both
PAYMENT_NOT_PAID,5.5 payment,ORD000417,2026-02-26 00:25:00,C0075,P013,1,474.05,0.0,Web,orders_2026_02.csv,ลูกค้า 075,customer075@example.com,ระยอง,2025-10-27,both,Smart Home Model 13,Smart Home,499.0,Y,both,Credit Card,FAILED,2026-02-26 00:38:00,both
PAYMENT_NOT_PAID,5.5 payment,ORD000427,2026-02-24 02:11:00,C0137,P027,1,23310.0,0.0,Mobile App,orders_2026_02.csv,ลูกค้า 137,customer137@example.com,ภูเก็ต,2025-01-23,both,Smartphone Model 27,Smartphone,25900.0,Y,both,PromptPay,FAILED,2026-02-24 05:08:00,both
PAYMENT_NOT_PAID,5.5 payment,ORD000430,2026-02-19 16:43:00,C0112,P037,4,25900.0,0.1,Mobile App,orders_2026_02.csv,ลูกค้า 112,customer112@example.com,กรุงเทพมหานคร,2025-11-24,both,Smart Home Model 37,Smart Home,25900.0,Y,both,Bank Transfer,FAILED,2026-02-19 17:12:00,both
PAYMENT_NOT_PAID,5.5 payment,ORD000436,2026-02-20 09:07:00,C0154,P009,1,299.0,0.1,Marketplace,orders_2026_02.csv,ลูกค้า 154,customer154@example.com,เชียงใหม่,2024-04-12,both,Notebook Model 09,Notebook,299.0,Y,both,Bank Transfer,REFUNDED,2026-02-20 11:55:00,both
PAYMENT_NOT_PAID,5.5 payment,ORD000438,2026-02-03 17:34:00,C0106,P035,4,27195.0,0.0,Mobile App,orders_2026_02.csv,ลูกค้า 106,customer106@example.com,ภูเก็ต,2024-02-13,both,Accessory Model 35,Accessory,25900.0,Y,both,Credit Card,REFUNDED,2026-02-03 19:53:00,both
PAYMENT_NOT_PAID,5.5 payment,ORD000455,2026-02-16 21:58:00,C0052,P022,3,523.95,0.0,Web,orders_2026_02.csv,ลูกค้า 052,customer052@example.com,ระยอง,2025-10-20,both,Accessory Model 22,Accessory,499.0,Y,both,Credit Card,REFUNDED,2026-02-16 22:02:00,both
PAYMENT_NOT_PAID,5.5 payment,ORD000458,2026-02-12 13:21:00,C0097,P040,3,3790.5,0.0,Web,orders_2026_02.csv,ลูกค้า 097,customer097@example.com,เชียงใหม่,2024-03-11,both,Accessory Model 40,Accessory,3990.0,N,both,Bank Transfer,REFUNDED,2026-02-12 14:59:00,both
PAYMENT_NOT_PAID,5.5 payment,ORD000459,2026-02-24 08:54:00,C0070,P036,3,299.0,0.1,Mobile App,orders_2026_02.csv,ลูกค้า 070,customer070@example.com,เชียงใหม่,2025-11-15,both,Notebook Model 36,Notebook,299.0,Y,both,Credit Card,FAILED,2026-02-24 11:23:00,both
PAYMENT_NOT_PAID,5.5 payment,ORD000468,2026-02-15 08:18:00,C0125,P008,1,449.1,0.0,Mobile App,orders_2026_02.csv,ลูกค้า 125,customer125@example.com,เชียงใหม่,2025-07-08,both,Accessory Model 08,Accessory,499.0,Y,both,Credit Card,FAILED,2026-02-15 09:00:00,both
PAYMENT_NOT_PAID,5.5 payment,ORD000486,2026-02-02 16:24:00,C0141,P021,2,23310.0,0.0,Mobile App,orders_2026_02.csv,ลูกค้า 141,customer141@example.com,กรุงเทพมหานคร,2025-07-05,both,Smart Home Model 21,Smart Home,25900.0,Y,both,Credit Card,FAILED,2026-02-02 17:25:00,both
PAYMENT_NOT_PAID,5.5 payment,ORD000488,2026-02-21 22:27:00,C0073,P037,4,27195.0,0.0,Web,orders_2026_02.csv,ลูกค้า 073,customer073@example.com,ขอนแก่น,2024-04-27,both,Smart Home Model 37,Smart Home,25900.0,Y,both,Credit Card,FAILED,2026-02-22 00:35:00,both
PAYMENT_NOT_PAID,5.5 payment,ORD000491,2026-02-03 19:24:00,C0090,P026,1,12255.0,0.05,Web,orders_2026_02.csv,ลูกค้า 090,customer090@example.com,เชียงใหม่,2024-09-18,both,Smart Home Model 26,Smart Home,12900.0,Y,both,PromptPay,FAILED,2026-02-03 21:22:00,both
PAYMENT_NOT_PAID,5.5 payment,ORD000497,2026-02-24 17:26:00,C0138,P028,1,269.1,0.1,Marketplace,orders_2026_02.csv,ลูกค้า 138,customer138@example.com,กรุงเทพมหานคร,2025-06-20,both,Smartphone Model 28,Smartphone,299.0,Y,both,PromptPay,FAILED,2026-02-24 19:35:00,both
PAYMENT_NOT_PAID,5.5 payment,ORD000500,2026-02-12 10:25:00,C0106,P031,4,1490.0,0.1,Web,orders_2026_02.csv,ลูกค้า 106,customer106@example.com,ภูเก็ต,2024-02-13,both,Smart Home Model 31,Smart Home,1490.0,Y,both,PromptPay,FAILED,2026-02-12 12:58:00,both
PAYMENT_NOT_PAID,5.5 payment,ORD000527,2026-02-27 01:27:00,C0154,P036,3,313.95,0.1,Mobile App,orders_2026_02.csv,ลูกค้า 154,customer154@example.com,เชียงใหม่,2024-04-12,both,Notebook Model 36,Notebook,299.0,Y,both,Bank Transfer,FAILED,2026-02-27 02:07:00,both
PAYMENT_NOT_PAID,5.5 payment,ORD000532,2026-02-09 23:58:00,C0135,P020,1,499.0,0.0,Mobile App,orders_2026_02.csv,ลูกค้า 135,customer135@example.com,กรุงเทพมหานคร,2024-08-01,both,Smart Home Model 20,Smart Home,499.0,Y,both,Bank Transfer,FAILED,2026-02-10 02:08:00,both
PAYMENT_NOT_PAID,5.5 payment,ORD000549,2026-02-17 10:45:00,C0086,P004,2,1490.0,0.0,Marketplace,orders_2026_02.csv,ลูกค้า 086,customer086@example.com,กรุงเทพมหานคร,2025-04-12,both,Smart Home Model 04,Smart Home,1490.0,Y,both,PromptPay,FAILED,2026-02-17 12:26:00,both
PAYMENT_NOT_PAID,5.5 payment,ORD000553,2026-02-28 22:02:00,C0074,P028,2,313.95,0.05,Marketplace,orders_2026_02.csv,ลูกค้า 074,customer074@example.com,ขอนแก่น,2025-09-21,both,Smartphone Model 28,Smartphone,299.0,Y,both,PromptPay,REFUNDED,2026-03-01 00:58:00,both
PAYMENT_NOT_PAID,5.5 payment,ORD000573,2026-02-25 19:17:00,C0115,P040,3,3591.0,0.05,Marketplace,orders_2026_02.csv,ลูกค้า 115,customer115@example.com,ระยอง,2024-02-01,both,Accessory Model 40,Accessory,3990.0,N,both,PromptPay,FAILED,2026-02-25 21:11:00,both
PAYMENT_NOT_PAID,5.5 payment,ORD000595,2026-02-06 15:57:00,C0036,P038,2,12900.0,0.0,Web,orders_2026_02.csv,ลูกค้า 036,customer036@example.com,กรุงเทพมหานคร,2024-10-26,both,Smartphone Model 38,Smartphone,12900.0,N,both,Credit Card,REFUNDED,2026-02-06 17:18:00,both
PAYMENT_NOT_PAID,5.5 payment,ORD000599,2026-02-13 09:16:00,C0068,P022,2,523.95,0.0,Marketplace,orders_2026_02.csv,ลูกค้า 068,customer068@example.com,ขอนแก่น,2024-09-06,both,Accessory Model 22,Accessory,499.0,Y,both,PromptPay,REFUNDED,2026-02-13 11:03:00,both
PAYMENT_NOT_PAID,5.5 payment,ORD000607,2026-02-19 00:57:00,C0146,P008,4,523.95,0.05,Marketplace,orders_2026_02.csv,ลูกค้า 146,customer146@example.com,กรุงเทพมหานคร,2025-05-19,both,Accessory Model 08,Accessory,499.0,Y,both,Credit Card,FAILED,2026-02-19 01:41:00,both
PAYMENT_NOT_PAID,5.5 payment,ORD000621,2026-02-17 12:32:00,C0017,P031,2,1341.0,0.1,Mobile App,orders_2026_02.csv,ลูกค้า 017,customer017@example.com,กรุงเทพมหานคร,2024-08-15,both,Smart Home Model 31,Smart Home,1490.0,Y,both,Bank Transfer,FAILED,2026-02-17 14:25:00,both
PAYMENT_NOT_PAID,5.5 payment,ORD000631,2026-02-04 11:25:00,C0032,P040,1,3790.5,0.0,Mobile App,orders_2026_02.csv,ลูกค้า 032,customer032@example.com,ระยอง,2024-11-22,both,Accessory Model 40,Accessory,3990.0,N,both,Credit Card,REFUNDED,2026-02-04 11:38:00,both
PAYMENT_NOT_PAID,5.5 payment,ORD000654,2026-02-09 04:48:00,C0142,P027,2,25900.0,0.0,Web,orders_2026_02.csv,ลูกค้า 142,customer142@example.com,ชลบุรี,2025-10-22,both,Smartphone Model 27,Smartphone,25900.0,Y,both,Bank Transfer,FAILED,2026-02-09 06:49:00,both
PAYMENT_NOT_PAID,5.5 payment,ORD000681,2026-02-15 05:17:00,C0065,P012,2,990.0,0.05,Mobile App,orders_2026_02.csv,ลูกค้า 065,customer065@example.com,ขอนแก่น,2024-06-15,both,Accessory Model 12,Accessory,990.0,Y,both,Credit Card,REFUNDED,2026-02-15 07:15:00,both
PAYMENT_NOT_PAID,5.5 payment,ORD000700,2026-02-22 21:48:00,C0074,P035,4,25900.0,0.0,Mobile App,orders_2026_02.csv,ลูกค้า 074,customer074@example.com,ขอนแก่น,2025-09-21,both,Accessory Model 35,Accessory,25900.0,Y,both,Credit Card,FAILED,2026-02-22 23:07:00,both
PAYMENT_NOT_PAID,5.5 payment,ORD000701,2026-02-05 17:38:00,C0022,P023,1,269.1,0.05,Mobile App,orders_2026_02.csv,ลูกค้า 022,customer022@example.com,กรุงเทพมหานคร,2025-07-21,both,Accessory Model 23,Accessory,299.0,Y,both,Bank Transfer,REFUNDED,2026-02-05 19:44:00,both
PAYMENT_NOT_PAID,5.5 payment,ORD000705,2026-02-28 23:21:00,C0124,P031,1,1341.0,0.0,Web,orders_2026_02.csv,ลูกค้า 124,customer124@example.com,กรุงเทพมหานคร,2025-08-06,both,Smart Home Model 31,Smart Home,1490.0,Y,both,PromptPay,FAILED,2026-02-28 23:55:00,both
PAYMENT_NOT_PAID,5.5 payment,ORD000714,2026-02-06 11:29:00,C0084,P020,3,474.05,0.05,Web,orders_2026_02.csv,ลูกค้า 084,customer084@example.com,กรุงเทพมหานคร,2024-05-22,both,Smart Home Model 20,Smart Home,499.0,Y,both,Bank Transfer,FAILED,2026-02-06 12:04:00,both
PAYMENT_NOT_PAID,5.5 payment,ORD000727,2026-02-11 18:43:00,C0024,P003,1,27195.0,0.0,Web,orders_2026_02.csv,ลูกค้า 024,customer024@example.com,กรุงเทพมหานคร,2025-10-12,both,Smartphone Model 03,Smartphone,25900.0,Y,both,Credit Card,FAILED,2026-02-11 19:45:00,both
PAYMENT_NOT_PAID,5.5 payment,ORD000742,2026-02-11 14:38:00,C0079,P033,3,13545.0,0.0,Marketplace,orders_2026_02.csv,ลูกค้า 079,customer079@example.com,ภูเก็ต,2024-08-28,both,Smart Home Model 33,Smart Home,12900.0,Y,both,Credit Card,REFUNDED,2026-02-11 17:00:00,both
